INSERT INTO `city` (`city_id`,`city_name`) VALUES  (1,'서울특별시'),  (2,'부산광역시'),  (3,'대구광역시'),  (4,'인천광역시'),  (5,'광주광역시'),  (6,'대전광역시'),  (7,'울산광역시'),  (8,'세종특별자치시'),  (9,'경기도'),  (10,'충청북도'),  (11,'충청남도'),  (12,'전라남도'),  (13,'경상북도'),  (14,'경상남도'),  (15,'제주특별자치도'),  (16,'강원특별자치도'),  (17,'전북특별자치도');
INSERT INTO `street` (`street_id`,`city_id`,`street_name`) VALUES  (1,1,'종로구'),  (2,1,'중구'),  (3,1,'용산구'),  (4,1,'성동구'),  (5,1,'광진구'),  (6,1,'동대문구'),  (7,1,'중랑구'),  (8,1,'성북구'),  (9,1,'강북구'),  (10,1,'도봉구'),  (11,1,'노원구'),  (12,1,'은평구'),  (13,1,'서대문구'),  (14,1,'마포구'),  (15,1,'양천구'),  (16,1,'강서구'),  (17,1,'구로구'),  (18,1,'금천구'),  (19,1,'영등포구'),  (20,1,'동작구'),  (21,1,'관악구'),  (22,1,'서초구'),  (23,1,'강남구'),  (24,1,'송파구'),  (25,1,'강동구'),  (26,2,'중구'),  (27,2,'서구'),  (28,2,'동구'),  (29,2,'영도구'),  (30,2,'부산진구'),  (31,2,'동래구'),  (32,2,'남구'),  (33,2,'북구'),  (34,2,'해운대구'),  (35,2,'사하구'),  (36,2,'금정구'),  (37,2,'강서구'),  (38,2,'연제구'),  (39,2,'수영구'),  (40,2,'사상구'),  (41,2,'기장군'),  (42,3,'중구'),  (43,3,'동구'),  (44,3,'서구'),  (45,3,'남구'),  (46,3,'북구'),  (47,3,'수성구'),  (48,3,'달서구'),  (49,3,'달성군'),  (50,3,'군위군'),  (51,4,'중구'),  (52,4,'동구'),  (53,4,'미추홀구'),  (54,4,'연수구'),  (55,4,'남동구'),  (56,4,'부평구'),  (57,4,'계양구'),  (58,4,'서구'),  (59,4,'강화군'),  (60,4,'옹진군'),  (61,5,'동구'),  (62,5,'서구'),  (63,5,'남구'),  (64,5,'북구'),  (65,5,'광산구'),  (66,6,'동구'),  (67,6,'중구'),  (68,6,'서구'),  (69,6,'유성구'),  (70,6,'대덕구'),  (71,7,'중구'),  (72,7,'남구'),  (73,7,'동구'),  (74,7,'북구'),  (75,7,'울주군'),  (76,8,'세종시'),  (77,9,'수원시'),  (78,9,'성남시'),  (79,9,'의정부시'),  (80,9,'안양시'),  (81,9,'부천시'),  (82,9,'광명시'),  (83,9,'평택시'),  (84,9,'동두천시'),  (85,9,'안산시'),  (86,9,'고양시'),  (87,9,'과천시'),  (88,9,'구리시'),  (89,9,'남양주시'),  (90,9,'오산시'),  (91,9,'시흥시'),  (92,9,'군포시'),  (93,9,'의왕시'),  (94,9,'하남시'),  (95,9,'용인시'),  (96,9,'파주시'),  (97,9,'이천시'),  (98,9,'안성시'),  (99,9,'김포시'),  (100,9,'화성시'),  (101,9,'광주시'),  (102,9,'양주시'),  (103,9,'포천시'),  (104,9,'여주시'),  (105,9,'연천군'),  (106,9,'가평군'),  (107,9,'양평군'),  (108,10,'청주시'),  (109,10,'충주시'),  (110,10,'제천시'),  (111,10,'보은군'),  (112,10,'옥천군'),  (113,10,'영동군'),  (114,10,'증평군'),  (115,10,'진천군'),  (116,10,'괴산군'),  (117,10,'음성군'),  (118,10,'단양군'),  (119,11,'천안시'),  (120,11,'공주시'),  (121,11,'보령시'),  (122,11,'아산시'),  (123,11,'서산시'),  (124,11,'논산시'),  (125,11,'계룡시'),  (126,11,'당진시'),  (127,11,'금산군'),  (128,11,'부여군'),  (129,11,'서천군'),  (130,11,'청양군'),  (131,11,'홍성군'),  (132,11,'예산군'),  (133,11,'태안군'),  (134,12,'목포시'),  (135,12,'여수시'),  (136,12,'순천시'),  (137,12,'나주시'),  (138,12,'광양시'),  (139,12,'담양군'),  (140,12,'곡성군'),  (141,12,'구례군'),  (142,12,'고흥군'),  (143,12,'보성군'),  (144,12,'화순군'),  (145,12,'장흥군'),  (146,12,'강진군'),  (147,12,'해남군'),  (148,12,'영암군'),  (149,12,'무안군'),  (150,12,'함평군'),  (151,12,'영광군'),  (152,12,'장성군'),  (153,12,'완도군'),  (154,12,'진도군'),  (155,12,'신안군'),  (156,13,'포항시'),  (157,13,'경주시'),  (158,13,'김천시'),  (159,13,'안동시'),  (160,13,'구미시'),  (161,13,'영주시'),  (162,13,'영천시'),  (163,13,'상주시'),  (164,13,'문경시'),  (165,13,'경산시'),  (166,13,'의성군'),  (167,13,'청송군'),  (168,13,'영양군'),  (169,13,'영덕군'),  (170,13,'청도군'),  (171,13,'고령군'),  (172,13,'성주군'),  (173,13,'칠곡군'),  (174,13,'예천군'),  (175,13,'봉화군'),  (176,13,'울진군'),  (177,13,'울릉군'),  (178,14,'창원시'),  (179,14,'진주시'),  (180,14,'통영시'),  (181,14,'사천시'),  (182,14,'김해시'),  (183,14,'밀양시'),  (184,14,'거제시'),  (185,14,'양산시'),  (186,14,'의령군'),  (187,14,'함안군'),  (188,14,'창녕군'),  (189,14,'고성군'),  (190,14,'남해군'),  (191,14,'하동군'),  (192,14,'산청군'),  (193,14,'함양군'),  (194,14,'거창군'),  (195,14,'합천군'),  (196,15,'제주시'),  (197,15,'서귀포시'),  (198,16,'춘천시'),  (199,16,'원주시'),  (200,16,'강릉시'),  (201,16,'동해시'),  (202,16,'태백시'),  (203,16,'속초시'),  (204,16,'삼척시'),  (205,16,'홍천군'),  (206,16,'횡성군'),  (207,16,'영월군'),  (208,16,'평창군'),  (209,16,'정선군'),  (210,16,'철원군'),  (211,16,'화천군'),  (212,16,'양구군'),  (213,16,'인제군'),  (214,16,'고성군'),  (215,16,'양양군'),  (216,17,'전주시'),  (217,17,'군산시'),  (218,17,'익산시'),  (219,17,'정읍시'),  (220,17,'남원시'),  (221,17,'김제시'),  (222,17,'완주군'),  (223,17,'진안군'),  (224,17,'무주군'),  (225,17,'장수군'),  (226,17,'임실군'),  (227,17,'순창군'),  (228,17,'고창군'),  (229,17,'부안군');
INSERT INTO `dong` (`dong_id`,`street_id`,`dong_name`) VALUES  (1,1,'청운동'),  (2,1,'신교동'),  (3,1,'궁정동'),  (4,1,'효자동'),  (5,1,'창성동'),  (6,1,'통의동'),  (7,1,'적선동'),  (8,1,'통인동'),  (9,1,'누상동'),  (10,1,'누하동'),  (11,1,'옥인동'),  (12,1,'체부동'),  (13,1,'필운동'),  (14,1,'내자동'),  (15,1,'사직동'),  (16,1,'도렴동'),  (17,1,'당주동'),  (18,1,'내수동'),  (19,1,'세종로'),  (20,1,'신문로1가'),  (21,1,'신문로2가'),  (22,1,'청진동'),  (23,1,'서린동'),  (24,1,'수송동'),  (25,1,'중학동'),  (26,1,'종로1가'),  (27,1,'공평동'),  (28,1,'관훈동'),  (29,1,'견지동'),  (30,1,'와룡동'),  (31,1,'권농동'),  (32,1,'운니동'),  (33,1,'익선동'),  (34,1,'경운동'),  (35,1,'관철동'),  (36,1,'인사동'),  (37,1,'낙원동'),  (38,1,'종로2가'),  (39,1,'팔판동'),  (40,1,'삼청동'),  (41,1,'안국동'),  (42,1,'소격동'),  (43,1,'화동'),  (44,1,'사간동'),  (45,1,'송현동'),  (46,1,'가회동'),  (47,1,'재동'),  (48,1,'계동'),  (49,1,'원서동'),  (50,1,'훈정동'),  (51,1,'묘동'),  (52,1,'봉익동'),  (53,1,'돈의동'),  (54,1,'장사동'),  (55,1,'관수동'),  (56,1,'종로3가'),  (57,1,'인의동'),  (58,1,'예지동'),  (59,1,'원남동'),  (60,1,'연지동'),  (61,1,'종로4가'),  (62,1,'효제동'),  (63,1,'종로5가'),  (64,1,'종로6가'),  (65,1,'이화동'),  (66,1,'연건동'),  (67,1,'충신동'),  (68,1,'동숭동'),  (69,1,'혜화동'),  (70,1,'명륜1가'),  (71,1,'명륜2가'),  (72,1,'명륜4가'),  (73,1,'명륜3가'),  (74,1,'창신동'),  (75,1,'숭인동'),  (76,1,'교남동'),  (77,1,'평동'),  (78,1,'송월동'),  (79,1,'홍파동'),  (80,1,'교북동'),  (81,1,'행촌동'),  (82,1,'구기동'),  (83,1,'평창동'),  (84,1,'부암동'),  (85,1,'홍지동'),  (86,1,'신영동'),  (87,1,'무악동'),  (88,2,'무교동'),  (89,2,'다동'),  (90,2,'태평로1가'),  (91,2,'을지로1가'),  (92,2,'을지로2가'),  (93,2,'남대문로1가'),  (94,2,'삼각동'),  (95,2,'수하동'),  (96,2,'장교동'),  (97,2,'수표동'),  (98,2,'소공동'),  (99,2,'남창동'),  (100,2,'북창동'),  (101,2,'태평로2가'),  (102,2,'남대문로2가'),  (103,2,'남대문로3가'),  (104,2,'남대문로4가'),  (105,2,'남대문로5가'),  (106,2,'봉래동1가'),  (107,2,'봉래동2가'),  (108,2,'회현동1가'),  (109,2,'회현동2가'),  (110,2,'회현동3가'),  (111,2,'충무로1가'),  (112,2,'충무로2가'),  (113,2,'명동1가'),  (114,2,'명동2가'),  (115,2,'남산동1가'),  (116,2,'남산동2가'),  (117,2,'남산동3가'),  (118,2,'저동1가'),  (119,2,'충무로4가'),  (120,2,'충무로5가'),  (121,2,'인현동2가'),  (122,2,'예관동'),  (123,2,'묵정동'),  (124,2,'필동1가'),  (125,2,'필동2가'),  (126,2,'필동3가'),  (127,2,'남학동'),  (128,2,'주자동'),  (129,2,'예장동'),  (130,2,'장충동1가'),  (131,2,'장충동2가'),  (132,2,'광희동1가'),  (133,2,'광희동2가'),  (134,2,'쌍림동'),  (135,2,'을지로6가'),  (136,2,'을지로7가'),  (137,2,'을지로4가'),  (138,2,'을지로5가'),  (139,2,'주교동'),  (140,2,'방산동'),  (141,2,'오장동'),  (142,2,'을지로3가'),  (143,2,'입정동'),  (144,2,'산림동'),  (145,2,'충무로3가'),  (146,2,'초동'),  (147,2,'인현동1가'),  (148,2,'저동2가'),  (149,2,'신당동'),  (150,2,'흥인동'),  (151,2,'무학동'),  (152,2,'황학동'),  (153,2,'서소문동'),  (154,2,'정동'),  (155,2,'순화동'),  (156,2,'의주로1가'),  (157,2,'충정로1가'),  (158,2,'중림동'),  (159,2,'의주로2가'),  (160,2,'만리동1가'),  (161,2,'만리동2가'),  (162,3,'후암동'),  (163,3,'용산동2가'),  (164,3,'용산동4가'),  (165,3,'갈월동'),  (166,3,'남영동'),  (167,3,'용산동1가'),  (168,3,'동자동'),  (169,3,'서계동'),  (170,3,'청파동1가'),  (171,3,'청파동2가'),  (172,3,'청파동3가'),  (173,3,'원효로1가'),  (174,3,'원효로2가'),  (175,3,'신창동'),  (176,3,'산천동'),  (177,3,'청암동'),  (178,3,'원효로3가'),  (179,3,'원효로4가'),  (180,3,'효창동'),  (181,3,'도원동'),  (182,3,'용문동'),  (183,3,'문배동'),  (184,3,'신계동'),  (185,3,'한강로1가'),  (186,3,'한강로2가'),  (187,3,'용산동3가'),  (188,3,'용산동5가'),  (189,3,'한강로3가'),  (190,3,'이촌동'),  (191,3,'이태원동'),  (192,3,'한남동'),  (193,3,'동빙고동'),  (194,3,'서빙고동'),  (195,3,'주성동'),  (196,3,'용산동6가'),  (197,3,'보광동'),  (198,4,'상왕십리동'),  (199,4,'하왕십리동'),  (200,4,'홍익동'),  (201,4,'도선동'),  (202,4,'마장동'),  (203,4,'사근동'),  (204,4,'행당동'),  (205,4,'응봉동'),  (206,4,'금호동1가'),  (207,4,'금호동2가'),  (208,4,'금호동3가'),  (209,4,'금호동4가'),  (210,4,'옥수동'),  (211,4,'성수동1가'),  (212,4,'성수동2가'),  (213,4,'송정동'),  (214,4,'용답동'),  (215,5,'중곡동'),  (216,5,'능동'),  (217,5,'구의동'),  (218,5,'광장동'),  (219,5,'자양동'),  (220,5,'화양동'),  (221,5,'군자동'),  (222,6,'신설동'),  (223,6,'용두동'),  (224,6,'제기동'),  (225,6,'전농동'),  (226,6,'답십리동'),  (227,6,'장안동'),  (228,6,'청량리동'),  (229,6,'회기동'),  (230,6,'휘경동'),  (231,6,'이문동'),  (232,7,'면목동'),  (233,7,'상봉동'),  (234,7,'중화동'),  (235,7,'묵동'),  (236,7,'망우동'),  (237,7,'신내동'),  (238,8,'성북동'),  (239,8,'성북동1가'),  (240,8,'돈암동'),  (241,8,'동소문동1가'),  (242,8,'동소문동2가'),  (243,8,'동소문동3가'),  (244,8,'동소문동4가'),  (245,8,'동소문동5가'),  (246,8,'동소문동6가'),  (247,8,'동소문동7가'),  (248,8,'삼선동1가'),  (249,8,'삼선동2가'),  (250,8,'삼선동3가'),  (251,8,'삼선동4가'),  (252,8,'삼선동5가'),  (253,8,'동선동1가'),  (254,8,'동선동2가'),  (255,8,'동선동3가'),  (256,8,'동선동4가'),  (257,8,'동선동5가'),  (258,8,'안암동1가'),  (259,8,'안암동2가'),  (260,8,'안암동3가'),  (261,8,'안암동4가'),  (262,8,'안암동5가'),  (263,8,'보문동4가'),  (264,8,'보문동5가'),  (265,8,'보문동6가'),  (266,8,'보문동7가'),  (267,8,'보문동1가'),  (268,8,'보문동2가'),  (269,8,'보문동3가'),  (270,8,'정릉동'),  (271,8,'길음동'),  (272,8,'종암동'),  (273,8,'하월곡동'),  (274,8,'상월곡동'),  (275,8,'장위동'),  (276,8,'석관동'),  (277,9,'미아동'),  (278,9,'번동'),  (279,9,'수유동'),  (280,9,'우이동'),  (281,10,'쌍문동'),  (282,10,'방학동'),  (283,10,'창동'),  (284,10,'도봉동'),  (285,11,'월계동'),  (286,11,'공릉동'),  (287,11,'하계동'),  (288,11,'상계동'),  (289,11,'중계동'),  (290,12,'수색동'),  (291,12,'녹번동'),  (292,12,'불광동'),  (293,12,'갈현동'),  (294,12,'구산동'),  (295,12,'대조동'),  (296,12,'응암동'),  (297,12,'역촌동'),  (298,12,'신사동'),  (299,12,'증산동'),  (300,12,'진관동'),  (301,13,'충정로2가'),  (302,13,'충정로3가'),  (303,13,'합동'),  (304,13,'미근동'),  (305,13,'냉천동'),  (306,13,'천연동'),  (307,13,'옥천동'),  (308,13,'영천동'),  (309,13,'현저동'),  (310,13,'북아현동'),  (311,13,'홍제동'),  (312,13,'대현동'),  (313,13,'대신동'),  (314,13,'신촌동'),  (315,13,'봉원동'),  (316,13,'창천동'),  (317,13,'연희동'),  (318,13,'홍은동'),  (319,13,'북가좌동'),  (320,13,'남가좌동'),  (321,14,'아현동'),  (322,14,'공덕동'),  (323,14,'신공덕동'),  (324,14,'도화동'),  (325,14,'용강동'),  (326,14,'토정동'),  (327,14,'마포동'),  (328,14,'대흥동'),  (329,14,'염리동'),  (330,14,'노고산동'),  (331,14,'신수동'),  (332,14,'현석동'),  (333,14,'구수동'),  (334,14,'창전동'),  (335,14,'상수동'),  (336,14,'하중동'),  (337,14,'신정동'),  (338,14,'당인동'),  (339,14,'서교동'),  (340,14,'동교동'),  (341,14,'합정동'),  (342,14,'망원동'),  (343,14,'연남동'),  (344,14,'성산동'),  (345,14,'중동'),  (346,14,'상암동'),  (347,15,'신정동'),  (348,15,'목동'),  (349,15,'신월동'),  (350,16,'염창동'),  (351,16,'등촌동'),  (352,16,'화곡동'),  (353,16,'가양동'),  (354,16,'마곡동'),  (355,16,'내발산동'),  (356,16,'외발산동'),  (357,16,'공항동'),  (358,16,'방화동'),  (359,16,'개화동'),  (360,16,'과해동'),  (361,16,'오곡동'),  (362,16,'오쇠동'),  (363,17,'신도림동'),  (364,17,'구로동'),  (365,17,'가리봉동'),  (366,17,'고척동'),  (367,17,'개봉동'),  (368,17,'오류동'),  (369,17,'궁동'),  (370,17,'온수동'),  (371,17,'천왕동'),  (372,17,'항동'),  (373,18,'가산동'),  (374,18,'독산동'),  (375,18,'시흥동'),  (376,19,'영등포동'),  (377,19,'영등포동1가'),  (378,19,'영등포동2가'),  (379,19,'영등포동3가'),  (380,19,'영등포동4가'),  (381,19,'영등포동5가'),  (382,19,'영등포동6가'),  (383,19,'영등포동7가'),  (384,19,'영등포동8가'),  (385,19,'여의도동'),  (386,19,'당산동1가'),  (387,19,'당산동2가'),  (388,19,'당산동3가'),  (389,19,'당산동4가'),  (390,19,'당산동5가'),  (391,19,'당산동6가'),  (392,19,'당산동'),  (393,19,'도림동'),  (394,19,'문래동1가'),  (395,19,'문래동2가'),  (396,19,'문래동3가'),  (397,19,'문래동4가'),  (398,19,'문래동5가'),  (399,19,'문래동6가'),  (400,19,'양평동1가'),  (401,19,'양평동2가'),  (402,19,'양평동3가'),  (403,19,'양평동4가'),  (404,19,'양평동5가'),  (405,19,'양평동6가'),  (406,19,'양화동'),  (407,19,'신길동'),  (408,19,'대림동'),  (409,19,'양평동'),  (410,20,'노량진동'),  (411,20,'상도동'),  (412,20,'상도1동'),  (413,20,'본동'),  (414,20,'흑석동'),  (415,20,'동작동'),  (416,20,'사당동'),  (417,20,'대방동'),  (418,20,'신대방동'),  (419,21,'봉천동'),  (420,21,'신림동'),  (421,21,'남현동'),  (422,22,'방배동'),  (423,22,'양재동'),  (424,22,'우면동'),  (425,22,'원지동'),  (426,22,'잠원동'),  (427,22,'반포동'),  (428,22,'서초동'),  (429,22,'내곡동'),  (430,22,'염곡동'),  (431,22,'신원동'),  (432,23,'역삼동'),  (433,23,'개포동'),  (434,23,'청담동'),  (435,23,'삼성동'),  (436,23,'대치동'),  (437,23,'신사동'),  (438,23,'논현동'),  (439,23,'압구정동'),  (440,23,'세곡동'),  (441,23,'자곡동'),  (442,23,'율현동'),  (443,23,'일원동'),  (444,23,'수서동'),  (445,23,'도곡동'),  (446,24,'잠실동'),  (447,24,'신천동'),  (448,24,'풍납동'),  (449,24,'송파동'),  (450,24,'석촌동'),  (451,24,'삼전동'),  (452,24,'가락동'),  (453,24,'문정동'),  (454,24,'장지동'),  (455,24,'방이동'),  (456,24,'오금동'),  (457,24,'거여동'),  (458,24,'마천동'),  (459,25,'명일동'),  (460,25,'고덕동'),  (461,25,'상일동'),  (462,25,'길동'),  (463,25,'둔촌동'),  (464,25,'암사동'),  (465,25,'성내동'),  (466,25,'천호동'),  (467,25,'강일동'),  (468,26,'영주동'),  (469,26,'대창동1가'),  (470,26,'대창동2가'),  (471,26,'중앙동1가'),  (472,26,'중앙동2가'),  (473,26,'중앙동3가'),  (474,26,'중앙동4가'),  (475,26,'중앙동5가'),  (476,26,'중앙동6가'),  (477,26,'중앙동7가'),  (478,26,'동광동1가'),  (479,26,'동광동2가'),  (480,26,'동광동3가'),  (481,26,'동광동4가'),  (482,26,'동광동5가'),  (483,26,'대청동1가'),  (484,26,'대청동2가'),  (485,26,'대청동3가'),  (486,26,'대청동4가'),  (487,26,'보수동1가'),  (488,26,'보수동2가'),  (489,26,'보수동3가'),  (490,26,'부평동1가'),  (491,26,'부평동2가'),  (492,26,'부평동3가'),  (493,26,'부평동4가'),  (494,26,'신창동1가'),  (495,26,'신창동2가'),  (496,26,'신창동3가'),  (497,26,'신창동4가'),  (498,26,'창선동1가'),  (499,26,'창선동2가'),  (500,26,'광복동1가'),  (501,26,'광복동2가'),  (502,26,'광복동3가'),  (503,26,'남포동1가'),  (504,26,'남포동2가'),  (505,26,'남포동3가'),  (506,26,'남포동4가'),  (507,26,'남포동5가'),  (508,26,'남포동6가'),  (509,27,'동대신동1가'),  (510,27,'동대신동2가'),  (511,27,'동대신동3가'),  (512,27,'서대신동1가'),  (513,27,'서대신동2가'),  (514,27,'서대신동3가'),  (515,27,'부용동1가'),  (516,27,'부용동2가'),  (517,27,'부민동1가'),  (518,27,'부민동2가'),  (519,27,'부민동3가'),  (520,27,'토성동1가'),  (521,27,'토성동2가'),  (522,27,'토성동3가'),  (523,27,'아미동1가'),  (524,27,'아미동2가'),  (525,27,'토성동4가'),  (526,27,'토성동5가'),  (527,27,'초장동'),  (528,27,'충무동1가'),  (529,27,'충무동2가'),  (530,27,'충무동3가'),  (531,27,'남부민동'),  (532,27,'암남동'),  (533,28,'초량동'),  (534,28,'수정동'),  (535,28,'좌천동'),  (536,28,'범일동'),  (537,29,'대교동1가'),  (538,29,'대교동2가'),  (539,29,'대평동1가'),  (540,29,'대평동2가'),  (541,29,'남항동1가'),  (542,29,'남항동2가'),  (543,29,'남항동3가'),  (544,29,'영선동1가'),  (545,29,'영선동2가'),  (546,29,'영선동3가'),  (547,29,'영선동4가'),  (548,29,'신선동1가'),  (549,29,'신선동2가'),  (550,29,'신선동3가'),  (551,29,'봉래동1가'),  (552,29,'봉래동2가'),  (553,29,'봉래동3가'),  (554,29,'봉래동4가'),  (555,29,'봉래동5가'),  (556,29,'청학동'),  (557,29,'동삼동'),  (558,30,'양정동'),  (559,30,'전포동'),  (560,30,'부전동'),  (561,30,'범천동'),  (562,30,'범전동'),  (563,30,'연지동'),  (564,30,'초읍동'),  (565,30,'부암동'),  (566,30,'당감동'),  (567,30,'가야동'),  (568,30,'개금동'),  (569,31,'명장동'),  (570,31,'안락동'),  (571,31,'칠산동'),  (572,31,'낙민동'),  (573,31,'복천동'),  (574,31,'수안동'),  (575,31,'명륜동'),  (576,31,'온천동'),  (577,31,'사직동'),  (578,32,'대연동'),  (579,32,'용호동'),  (580,32,'용당동'),  (581,32,'문현동'),  (582,32,'우암동'),  (583,32,'감만동'),  (584,33,'금곡동'),  (585,33,'화명동'),  (586,33,'만덕동'),  (587,33,'덕천동'),  (588,33,'구포동'),  (589,34,'반송동'),  (590,34,'석대동'),  (591,34,'반여동'),  (592,34,'재송동'),  (593,34,'우동'),  (594,34,'중동'),  (595,34,'좌동'),  (596,34,'송정동'),  (597,35,'괴정동'),  (598,35,'당리동'),  (599,35,'하단동'),  (600,35,'신평동'),  (601,35,'장림동'),  (602,35,'다대동'),  (603,35,'구평동'),  (604,35,'감천동'),  (605,36,'두구동'),  (606,36,'노포동'),  (607,36,'청룡동'),  (608,36,'남산동'),  (609,36,'선동'),  (610,36,'오륜동'),  (611,36,'구서동'),  (612,36,'장전동'),  (613,36,'부곡동'),  (614,36,'서동'),  (615,36,'금사동'),  (616,36,'회동동'),  (617,36,'금성동'),  (618,37,'대저1동'),  (619,37,'대저2동'),  (620,37,'강동동'),  (621,37,'명지동'),  (622,37,'죽림동'),  (623,37,'식만동'),  (624,37,'죽동동'),  (625,37,'봉림동'),  (626,37,'송정동'),  (627,37,'화전동'),  (628,37,'녹산동'),  (629,37,'생곡동'),  (630,37,'구랑동'),  (631,37,'지사동'),  (632,37,'미음동'),  (633,37,'범방동'),  (634,37,'신호동'),  (635,37,'동선동'),  (636,37,'성북동'),  (637,37,'눌차동'),  (638,37,'천성동'),  (639,37,'대항동'),  (640,38,'거제동'),  (641,38,'연산동'),  (642,39,'망미동'),  (643,39,'수영동'),  (644,39,'민락동'),  (645,39,'광안동'),  (646,39,'남천동'),  (647,40,'삼락동'),  (648,40,'모라동'),  (649,40,'덕포동'),  (650,40,'괘법동'),  (651,40,'감전동'),  (652,40,'주례동'),  (653,40,'학장동'),  (654,40,'엄궁동'),  (655,41,'기장읍'),  (656,41,'장안읍'),  (657,41,'정관읍'),  (658,41,'일광읍'),  (659,41,'철마면'),  (660,42,'동인동1가'),  (661,42,'동인동2가'),  (662,42,'동인동3가'),  (663,42,'동인동4가'),  (664,42,'삼덕동1가'),  (665,42,'삼덕동2가'),  (666,42,'삼덕동3가'),  (667,42,'봉산동'),  (668,42,'장관동'),  (669,42,'상서동'),  (670,42,'수동'),  (671,42,'덕산동'),  (672,42,'종로1가'),  (673,42,'종로2가'),  (674,42,'사일동'),  (675,42,'동일동'),  (676,42,'남일동'),  (677,42,'전동'),  (678,42,'동성로3가'),  (679,42,'동문동'),  (680,42,'문화동'),  (681,42,'공평동'),  (682,42,'동성로2가'),  (683,42,'태평로1가'),  (684,42,'교동'),  (685,42,'용덕동'),  (686,42,'상덕동'),  (687,42,'완전동'),  (688,42,'도원동'),  (689,42,'수창동'),  (690,42,'태평로3가'),  (691,42,'인교동'),  (692,42,'서야동'),  (693,42,'서성로1가'),  (694,42,'시장북로'),  (695,42,'하서동'),  (696,42,'남성로'),  (697,42,'계산동1가'),  (698,42,'계산동2가'),  (699,42,'동산동'),  (700,42,'서문로2가'),  (701,42,'서성로2가'),  (702,42,'포정동'),  (703,42,'서문로1가'),  (704,42,'서내동'),  (705,42,'북성로2가'),  (706,42,'대안동'),  (707,42,'동성로1가'),  (708,42,'태평로2가'),  (709,42,'북성로1가'),  (710,42,'화전동'),  (711,42,'향촌동'),  (712,42,'북내동'),  (713,42,'대신동'),  (714,42,'달성동'),  (715,42,'남산동'),  (716,42,'대봉동'),  (717,43,'신암동'),  (718,43,'신천동'),  (719,43,'효목동'),  (720,43,'평광동'),  (721,43,'봉무동'),  (722,43,'불로동'),  (723,43,'도동'),  (724,43,'지저동'),  (725,43,'입석동'),  (726,43,'검사동'),  (727,43,'방촌동'),  (728,43,'둔산동'),  (729,43,'부동'),  (730,43,'신평동'),  (731,43,'서호동'),  (732,43,'동호동'),  (733,43,'신기동'),  (734,43,'율하동'),  (735,43,'용계동'),  (736,43,'율암동'),  (737,43,'상매동'),  (738,43,'매여동'),  (739,43,'각산동'),  (740,43,'신서동'),  (741,43,'동내동'),  (742,43,'괴전동'),  (743,43,'금강동'),  (744,43,'대림동'),  (745,43,'사복동'),  (746,43,'숙천동'),  (747,43,'내곡동'),  (748,43,'능성동'),  (749,43,'진인동'),  (750,43,'도학동'),  (751,43,'백안동'),  (752,43,'미곡동'),  (753,43,'용수동'),  (754,43,'신무동'),  (755,43,'미대동'),  (756,43,'내동'),  (757,43,'신용동'),  (758,43,'중대동'),  (759,43,'송정동'),  (760,43,'덕곡동'),  (761,43,'지묘동'),  (762,44,'내당동'),  (763,44,'비산동'),  (764,44,'평리동'),  (765,44,'상리동'),  (766,44,'중리동'),  (767,44,'이현동'),  (768,44,'원대동1가'),  (769,44,'원대동2가'),  (770,44,'원대동3가'),  (771,45,'이천동'),  (772,45,'봉덕동'),  (773,45,'대명동'),  (774,46,'칠성동1가'),  (775,46,'칠성동2가'),  (776,46,'고성동1가'),  (777,46,'고성동2가'),  (778,46,'고성동3가'),  (779,46,'침산동'),  (780,46,'노원동1가'),  (781,46,'노원동2가'),  (782,46,'노원동3가'),  (783,46,'대현동'),  (784,46,'산격동'),  (785,46,'복현동'),  (786,46,'검단동'),  (787,46,'동변동'),  (788,46,'서변동'),  (789,46,'조야동'),  (790,46,'노곡동'),  (791,46,'읍내동'),  (792,46,'동호동'),  (793,46,'학정동'),  (794,46,'도남동'),  (795,46,'국우동'),  (796,46,'구암동'),  (797,46,'동천동'),  (798,46,'관음동'),  (799,46,'태전동'),  (800,46,'매천동'),  (801,46,'팔달동'),  (802,46,'금호동'),  (803,46,'사수동'),  (804,46,'연경동'),  (805,47,'범어동'),  (806,47,'만촌동'),  (807,47,'수성동1가'),  (808,47,'수성동2가'),  (809,47,'수성동3가'),  (810,47,'수성동4가'),  (811,47,'황금동'),  (812,47,'중동'),  (813,47,'상동'),  (814,47,'파동'),  (815,47,'두산동'),  (816,47,'지산동'),  (817,47,'범물동'),  (818,47,'시지동'),  (819,47,'매호동'),  (820,47,'성동'),  (821,47,'사월동'),  (822,47,'신매동'),  (823,47,'욱수동'),  (824,47,'노변동'),  (825,47,'삼덕동'),  (826,47,'연호동'),  (827,47,'이천동'),  (828,47,'고모동'),  (829,47,'가천동'),  (830,47,'대흥동'),  (831,48,'성당동'),  (832,48,'두류동'),  (833,48,'파호동'),  (834,48,'호림동'),  (835,48,'갈산동'),  (836,48,'신당동'),  (837,48,'이곡동'),  (838,48,'장동'),  (839,48,'장기동'),  (840,48,'용산동'),  (841,48,'죽전동'),  (842,48,'감삼동'),  (843,48,'본리동'),  (844,48,'상인동'),  (845,48,'도원동'),  (846,48,'진천동'),  (847,48,'유천동'),  (848,48,'대천동'),  (849,48,'월성동'),  (850,48,'월암동'),  (851,48,'송현동'),  (852,48,'대곡동'),  (853,48,'본동'),  (854,48,'호산동'),  (855,49,'화원읍'),  (856,49,'논공읍'),  (857,49,'다사읍'),  (858,49,'유가읍'),  (859,49,'옥포읍'),  (860,49,'현풍읍'),  (861,49,'가창면'),  (862,49,'하빈면'),  (863,49,'구지면'),  (864,50,'군위읍'),  (865,50,'소보면'),  (866,50,'효령면'),  (867,50,'부계면'),  (868,50,'우보면'),  (869,50,'의흥면'),  (870,50,'산성면'),  (871,50,'삼국유사면'),  (872,51,'중앙동1가'),  (873,51,'중앙동2가'),  (874,51,'중앙동3가'),  (875,51,'중앙동4가'),  (876,51,'해안동1가'),  (877,51,'해안동2가'),  (878,51,'해안동3가'),  (879,51,'해안동4가'),  (880,51,'관동1가'),  (881,51,'관동2가'),  (882,51,'관동3가'),  (883,51,'항동1가'),  (884,51,'항동2가'),  (885,51,'항동3가'),  (886,51,'항동4가'),  (887,51,'항동5가'),  (888,51,'항동6가'),  (889,51,'항동7가'),  (890,51,'송학동1가'),  (891,51,'송학동2가'),  (892,51,'송학동3가'),  (893,51,'사동'),  (894,51,'신생동'),  (895,51,'신포동'),  (896,51,'답동'),  (897,51,'신흥동1가'),  (898,51,'신흥동2가'),  (899,51,'신흥동3가'),  (900,51,'선화동'),  (901,51,'유동'),  (902,51,'율목동'),  (903,51,'도원동'),  (904,51,'내동'),  (905,51,'경동'),  (906,51,'용동'),  (907,51,'인현동'),  (908,51,'전동'),  (909,51,'북성동1가'),  (910,51,'북성동2가'),  (911,51,'북성동3가'),  (912,51,'선린동'),  (913,51,'송월동1가'),  (914,51,'송월동2가'),  (915,51,'송월동3가'),  (916,51,'중산동'),  (917,51,'운남동'),  (918,51,'운서동'),  (919,51,'운북동'),  (920,51,'을왕동'),  (921,51,'남북동'),  (922,51,'덕교동'),  (923,51,'무의동'),  (924,52,'만석동'),  (925,52,'화수동'),  (926,52,'송현동'),  (927,52,'화평동'),  (928,52,'창영동'),  (929,52,'금곡동'),  (930,52,'송림동'),  (931,53,'숭의동'),  (932,53,'용현동'),  (933,53,'학익동'),  (934,53,'도화동'),  (935,53,'주안동'),  (936,53,'관교동'),  (937,53,'문학동'),  (938,54,'옥련동'),  (939,54,'선학동'),  (940,54,'연수동'),  (941,54,'청학동'),  (942,54,'동춘동'),  (943,54,'송도동'),  (944,55,'구월동'),  (945,55,'간석동'),  (946,55,'만수동'),  (947,55,'장수동'),  (948,55,'서창동'),  (949,55,'운연동'),  (950,55,'남촌동'),  (951,55,'수산동'),  (952,55,'도림동'),  (953,55,'논현동'),  (954,55,'고잔동'),  (955,56,'부평동'),  (956,56,'십정동'),  (957,56,'산곡동'),  (958,56,'청천동'),  (959,56,'삼산동'),  (960,56,'갈산동'),  (961,56,'부개동'),  (962,56,'일신동'),  (963,56,'구산동'),  (964,57,'효성동'),  (965,57,'계산동'),  (966,57,'작전동'),  (967,57,'서운동'),  (968,57,'임학동'),  (969,57,'용종동'),  (970,57,'병방동'),  (971,57,'방축동'),  (972,57,'박촌동'),  (973,57,'동양동'),  (974,57,'귤현동'),  (975,57,'상야동'),  (976,57,'하야동'),  (977,57,'평동'),  (978,57,'노오지동'),  (979,57,'선주지동'),  (980,57,'이화동'),  (981,57,'오류동'),  (982,57,'갈현동'),  (983,57,'둑실동'),  (984,57,'목상동'),  (985,57,'다남동'),  (986,57,'장기동'),  (987,58,'백석동'),  (988,58,'시천동'),  (989,58,'검암동'),  (990,58,'경서동'),  (991,58,'공촌동'),  (992,58,'연희동'),  (993,58,'심곡동'),  (994,58,'가정동'),  (995,58,'신현동'),  (996,58,'석남동'),  (997,58,'원창동'),  (998,58,'가좌동'),  (999,58,'마전동'),  (1000,58,'당하동'),  (1001,58,'원당동'),  (1002,58,'대곡동'),  (1003,58,'금곡동'),  (1004,58,'오류동'),  (1005,58,'왕길동'),  (1006,58,'불로동'),  (1007,58,'청라동'),  (1008,59,'강화읍'),  (1009,59,'선원면'),  (1010,59,'불은면'),  (1011,59,'길상면'),  (1012,59,'화도면'),  (1013,59,'양도면'),  (1014,59,'내가면'),  (1015,59,'하점면'),  (1016,59,'양사면'),  (1017,59,'송해면'),  (1018,59,'교동면'),  (1019,59,'삼산면'),  (1020,59,'서도면'),  (1021,60,'북도면'),  (1022,60,'백령면'),  (1023,60,'대청면'),  (1024,60,'덕적면'),  (1025,60,'영흥면'),  (1026,60,'자월면'),  (1027,60,'연평면'),  (1028,61,'대인동'),  (1029,61,'금남로5가'),  (1030,61,'충장로5가'),  (1031,61,'수기동'),  (1032,61,'대의동'),  (1033,61,'궁동'),  (1034,61,'장동'),  (1035,61,'동명동'),  (1036,61,'계림동'),  (1037,61,'산수동'),  (1038,61,'지산동'),  (1039,61,'남동'),  (1040,61,'광산동'),  (1041,61,'금동'),  (1042,61,'호남동'),  (1043,61,'불로동'),  (1044,61,'황금동'),  (1045,61,'서석동'),  (1046,61,'소태동'),  (1047,61,'용연동'),  (1048,61,'운림동'),  (1049,61,'학동'),  (1050,61,'월남동'),  (1051,61,'선교동'),  (1052,61,'내남동'),  (1053,61,'용산동'),  (1054,61,'충장로1가'),  (1055,61,'충장로2가'),  (1056,61,'충장로3가'),  (1057,61,'충장로4가'),  (1058,61,'금남로1가'),  (1059,61,'금남로2가'),  (1060,61,'금남로3가'),  (1061,61,'금남로4가'),  (1062,62,'양동'),  (1063,62,'농성동'),  (1064,62,'광천동'),  (1065,62,'유촌동'),  (1066,62,'덕흥동'),  (1067,62,'쌍촌동'),  (1068,62,'화정동'),  (1069,62,'치평동'),  (1070,62,'내방동'),  (1071,62,'서창동'),  (1072,62,'세하동'),  (1073,62,'용두동'),  (1074,62,'풍암동'),  (1075,62,'벽진동'),  (1076,62,'금호동'),  (1077,62,'마륵동'),  (1078,62,'매월동'),  (1079,62,'동천동'),  (1080,63,'사동'),  (1081,63,'구동'),  (1082,63,'서동'),  (1083,63,'월산동'),  (1084,63,'백운동'),  (1085,63,'주월동'),  (1086,63,'노대동'),  (1087,63,'진월동'),  (1088,63,'덕남동'),  (1089,63,'행암동'),  (1090,63,'임암동'),  (1091,63,'송하동'),  (1092,63,'양림동'),  (1093,63,'방림동'),  (1094,63,'봉선동'),  (1095,63,'구소동'),  (1096,63,'양촌동'),  (1097,63,'도금동'),  (1098,63,'승촌동'),  (1099,63,'지석동'),  (1100,63,'압촌동'),  (1101,63,'화장동'),  (1102,63,'칠석동'),  (1103,63,'석정동'),  (1104,63,'신장동'),  (1105,63,'양과동'),  (1106,63,'이장동'),  (1107,63,'대지동'),  (1108,63,'원산동'),  (1109,63,'월성동'),  (1110,64,'중흥동'),  (1111,64,'유동'),  (1112,64,'누문동'),  (1113,64,'북동'),  (1114,64,'임동'),  (1115,64,'신안동'),  (1116,64,'용봉동'),  (1117,64,'동림동'),  (1118,64,'운암동'),  (1119,64,'우산동'),  (1120,64,'풍향동'),  (1121,64,'문흥동'),  (1122,64,'각화동'),  (1123,64,'두암동'),  (1124,64,'오치동'),  (1125,64,'삼각동'),  (1126,64,'매곡동'),  (1127,64,'충효동'),  (1128,64,'덕의동'),  (1129,64,'금곡동'),  (1130,64,'망월동'),  (1131,64,'청풍동'),  (1132,64,'화암동'),  (1133,64,'장등동'),  (1134,64,'운정동'),  (1135,64,'본촌동'),  (1136,64,'일곡동'),  (1137,64,'양산동'),  (1138,64,'연제동'),  (1139,64,'신용동'),  (1140,64,'용두동'),  (1141,64,'지야동'),  (1142,64,'태령동'),  (1143,64,'수곡동'),  (1144,64,'효령동'),  (1145,64,'용전동'),  (1146,64,'용강동'),  (1147,64,'생용동'),  (1148,64,'월출동'),  (1149,64,'대촌동'),  (1150,64,'오룡동'),  (1151,65,'송정동'),  (1152,65,'도산동'),  (1153,65,'도호동'),  (1154,65,'신촌동'),  (1155,65,'서봉동'),  (1156,65,'운수동'),  (1157,65,'선암동'),  (1158,65,'소촌동'),  (1159,65,'우산동'),  (1160,65,'황룡동'),  (1161,65,'박호동'),  (1162,65,'비아동'),  (1163,65,'도천동'),  (1164,65,'수완동'),  (1165,65,'월계동'),  (1166,65,'쌍암동'),  (1167,65,'산월동'),  (1168,65,'신창동'),  (1169,65,'신가동'),  (1170,65,'운남동'),  (1171,65,'안청동'),  (1172,65,'진곡동'),  (1173,65,'장덕동'),  (1174,65,'흑석동'),  (1175,65,'하남동'),  (1176,65,'장수동'),  (1177,65,'산정동'),  (1178,65,'월곡동'),  (1179,65,'등임동'),  (1180,65,'산막동'),  (1181,65,'고룡동'),  (1182,65,'신룡동'),  (1183,65,'두정동'),  (1184,65,'임곡동'),  (1185,65,'광산동'),  (1186,65,'오산동'),  (1187,65,'사호동'),  (1188,65,'하산동'),  (1189,65,'유계동'),  (1190,65,'본덕동'),  (1191,65,'용봉동'),  (1192,65,'요기동'),  (1193,65,'복룡동'),  (1194,65,'송대동'),  (1195,65,'옥동'),  (1196,65,'월전동'),  (1197,65,'장록동'),  (1198,65,'송촌동'),  (1199,65,'지죽동'),  (1200,65,'용동'),  (1201,65,'용곡동'),  (1202,65,'지정동'),  (1203,65,'명화동'),  (1204,65,'동산동'),  (1205,65,'연산동'),  (1206,65,'도덕동'),  (1207,65,'송산동'),  (1208,65,'지평동'),  (1209,65,'오운동'),  (1210,65,'삼거동'),  (1211,65,'양동'),  (1212,65,'내산동'),  (1213,65,'대산동'),  (1214,65,'송학동'),  (1215,65,'신동'),  (1216,65,'삼도동'),  (1217,65,'남산동'),  (1218,65,'송치동'),  (1219,65,'산수동'),  (1220,65,'선동'),  (1221,65,'지산동'),  (1222,65,'왕동'),  (1223,65,'북산동'),  (1224,65,'명도동'),  (1225,65,'동호동'),  (1226,65,'덕림동'),  (1227,65,'양산동'),  (1228,65,'동림동'),  (1229,65,'오선동'),  (1230,66,'원동'),  (1231,66,'인동'),  (1232,66,'효동'),  (1233,66,'천동'),  (1234,66,'가오동'),  (1235,66,'신흥동'),  (1236,66,'판암동'),  (1237,66,'삼정동'),  (1238,66,'용운동'),  (1239,66,'대동'),  (1240,66,'자양동'),  (1241,66,'신안동'),  (1242,66,'소제동'),  (1243,66,'가양동'),  (1244,66,'용전동'),  (1245,66,'성남동'),  (1246,66,'홍도동'),  (1247,66,'삼성동'),  (1248,66,'정동'),  (1249,66,'중동'),  (1250,66,'추동'),  (1251,66,'비룡동'),  (1252,66,'주산동'),  (1253,66,'용계동'),  (1254,66,'마산동'),  (1255,66,'효평동'),  (1256,66,'직동'),  (1257,66,'세천동'),  (1258,66,'신상동'),  (1259,66,'신하동'),  (1260,66,'신촌동'),  (1261,66,'사성동'),  (1262,66,'내탑동'),  (1263,66,'오동'),  (1264,66,'주촌동'),  (1265,66,'낭월동'),  (1266,66,'대별동'),  (1267,66,'이사동'),  (1268,66,'대성동'),  (1269,66,'장척동'),  (1270,66,'소호동'),  (1271,66,'구도동'),  (1272,66,'삼괴동'),  (1273,66,'상소동'),  (1274,66,'하소동'),  (1275,67,'은행동'),  (1276,67,'선화동'),  (1277,67,'목동'),  (1278,67,'중촌동'),  (1279,67,'대흥동'),  (1280,67,'문창동'),  (1281,67,'석교동'),  (1282,67,'호동'),  (1283,67,'옥계동'),  (1284,67,'대사동'),  (1285,67,'부사동'),  (1286,67,'용두동'),  (1287,67,'오류동'),  (1288,67,'태평동'),  (1289,67,'유천동'),  (1290,67,'문화동'),  (1291,67,'산성동'),  (1292,67,'사정동'),  (1293,67,'안영동'),  (1294,67,'무수동'),  (1295,67,'구완동'),  (1296,67,'침산동'),  (1297,67,'목달동'),  (1298,67,'정생동'),  (1299,67,'어남동'),  (1300,67,'금동'),  (1301,68,'복수동'),  (1302,68,'변동'),  (1303,68,'도마동'),  (1304,68,'정림동'),  (1305,68,'용문동'),  (1306,68,'탄방동'),  (1307,68,'괴정동'),  (1308,68,'가장동'),  (1309,68,'내동'),  (1310,68,'갈마동'),  (1311,68,'둔산동'),  (1312,68,'월평동'),  (1313,68,'가수원동'),  (1314,68,'도안동'),  (1315,68,'관저동'),  (1316,68,'흑석동'),  (1317,68,'매노동'),  (1318,68,'산직동'),  (1319,68,'장안동'),  (1320,68,'평촌동'),  (1321,68,'오동'),  (1322,68,'우명동'),  (1323,68,'원정동'),  (1324,68,'용촌동'),  (1325,68,'봉곡동'),  (1326,68,'괴곡동'),  (1327,68,'만년동'),  (1328,69,'원내동'),  (1329,69,'교촌동'),  (1330,69,'대정동'),  (1331,69,'용계동'),  (1332,69,'학하동'),  (1333,69,'계산동'),  (1334,69,'성북동'),  (1335,69,'세동'),  (1336,69,'송정동'),  (1337,69,'방동'),  (1338,69,'봉명동'),  (1339,69,'구암동'),  (1340,69,'덕명동'),  (1341,69,'원신흥동'),  (1342,69,'상대동'),  (1343,69,'복용동'),  (1344,69,'장대동'),  (1345,69,'갑동'),  (1346,69,'노은동'),  (1347,69,'지족동'),  (1348,69,'죽동'),  (1349,69,'궁동'),  (1350,69,'어은동'),  (1351,69,'구성동'),  (1352,69,'신성동'),  (1353,69,'가정동'),  (1354,69,'도룡동'),  (1355,69,'장동'),  (1356,69,'방현동'),  (1357,69,'화암동'),  (1358,69,'덕진동'),  (1359,69,'하기동'),  (1360,69,'추목동'),  (1361,69,'자운동'),  (1362,69,'신봉동'),  (1363,69,'수남동'),  (1364,69,'안산동'),  (1365,69,'외삼동'),  (1366,69,'반석동'),  (1367,69,'문지동'),  (1368,69,'전민동'),  (1369,69,'원촌동'),  (1370,69,'탑립동'),  (1371,69,'용산동'),  (1372,69,'봉산동'),  (1373,69,'관평동'),  (1374,69,'송강동'),  (1375,69,'금고동'),  (1376,69,'대동'),  (1377,69,'금탄동'),  (1378,69,'신동'),  (1379,69,'둔곡동'),  (1380,69,'구룡동'),  (1381,70,'오정동'),  (1382,70,'대화동'),  (1383,70,'읍내동'),  (1384,70,'연축동'),  (1385,70,'신대동'),  (1386,70,'와동'),  (1387,70,'송촌동'),  (1388,70,'법동'),  (1389,70,'중리동'),  (1390,70,'비래동'),  (1391,70,'석봉동'),  (1392,70,'목상동'),  (1393,70,'문평동'),  (1394,70,'신일동'),  (1395,70,'덕암동'),  (1396,70,'상서동'),  (1397,70,'평촌동'),  (1398,70,'장동'),  (1399,70,'용호동'),  (1400,70,'이현동'),  (1401,70,'갈전동'),  (1402,70,'부수동'),  (1403,70,'황호동'),  (1404,70,'삼정동'),  (1405,70,'미호동'),  (1406,70,'신탄진동'),  (1407,71,'학성동'),  (1408,71,'학산동'),  (1409,71,'복산동'),  (1410,71,'북정동'),  (1411,71,'옥교동'),  (1412,71,'성남동'),  (1413,71,'교동'),  (1414,71,'우정동'),  (1415,71,'성안동'),  (1416,71,'유곡동'),  (1417,71,'태화동'),  (1418,71,'다운동'),  (1419,71,'동동'),  (1420,71,'서동'),  (1421,71,'남외동'),  (1422,71,'장현동'),  (1423,71,'약사동'),  (1424,71,'반구동'),  (1425,72,'무거동'),  (1426,72,'옥동'),  (1427,72,'두왕동'),  (1428,72,'신정동'),  (1429,72,'달동'),  (1430,72,'삼산동'),  (1431,72,'여천동'),  (1432,72,'야음동'),  (1433,72,'선암동'),  (1434,72,'상개동'),  (1435,72,'부곡동'),  (1436,72,'고사동'),  (1437,72,'성암동'),  (1438,72,'황성동'),  (1439,72,'용연동'),  (1440,72,'남화동'),  (1441,72,'용잠동'),  (1442,72,'장생포동'),  (1443,72,'매암동'),  (1444,73,'방어동'),  (1445,73,'화정동'),  (1446,73,'일산동'),  (1447,73,'전하동'),  (1448,73,'미포동'),  (1449,73,'주전동'),  (1450,73,'동부동'),  (1451,73,'서부동'),  (1452,74,'창평동'),  (1453,74,'호계동'),  (1454,74,'매곡동'),  (1455,74,'가대동'),  (1456,74,'신천동'),  (1457,74,'중산동'),  (1458,74,'상안동'),  (1459,74,'천곡동'),  (1460,74,'달천동'),  (1461,74,'시례동'),  (1462,74,'무룡동'),  (1463,74,'구유동'),  (1464,74,'정자동'),  (1465,74,'신명동'),  (1466,74,'대안동'),  (1467,74,'당사동'),  (1468,74,'신현동'),  (1469,74,'산하동'),  (1470,74,'어물동'),  (1471,74,'명촌동'),  (1472,74,'진장동'),  (1473,74,'연암동'),  (1474,74,'효문동'),  (1475,74,'양정동'),  (1476,74,'화봉동'),  (1477,74,'송정동'),  (1478,74,'염포동'),  (1479,75,'온산읍'),  (1480,75,'언양읍'),  (1481,75,'온양읍'),  (1482,75,'범서읍'),  (1483,75,'청량읍'),  (1484,75,'삼남읍'),  (1485,75,'서생면'),  (1486,75,'웅촌면'),  (1487,75,'두동면'),  (1488,75,'두서면'),  (1489,75,'상북면'),  (1490,75,'삼동면'),  (1491,76,'반곡동'),  (1492,76,'소담동'),  (1493,76,'보람동'),  (1494,76,'대평동'),  (1495,76,'가람동'),  (1496,76,'한솔동'),  (1497,76,'나성동'),  (1498,76,'새롬동'),  (1499,76,'다정동'),  (1500,76,'어진동'),  (1501,76,'종촌동'),  (1502,76,'고운동'),  (1503,76,'아름동'),  (1504,76,'도담동'),  (1505,76,'산울동'),  (1506,76,'해밀동'),  (1507,76,'합강동'),  (1508,76,'집현동'),  (1509,76,'세종동'),  (1510,76,'누리동'),  (1511,76,'한별동'),  (1512,76,'다솜동'),  (1513,76,'용호동'),  (1514,76,'조치원읍'),  (1515,76,'연기면'),  (1516,76,'연동면'),  (1517,76,'부강면'),  (1518,76,'금남면'),  (1519,76,'장군면'),  (1520,76,'연서면'),  (1521,76,'전의면'),  (1522,76,'전동면'),  (1523,76,'소정면'),  (1524,77,'파장동'),  (1525,77,'정자동'),  (1526,77,'이목동'),  (1527,77,'율전동'),  (1528,77,'천천동'),  (1529,77,'영화동'),  (1530,77,'송죽동'),  (1531,77,'조원동'),  (1532,77,'연무동'),  (1533,77,'상광교동'),  (1534,77,'하광교동'),  (1535,77,'세류동'),  (1536,77,'평동'),  (1537,77,'고색동'),  (1538,77,'오목천동'),  (1539,77,'평리동'),  (1540,77,'서둔동'),  (1541,77,'구운동'),  (1542,77,'탑동'),  (1543,77,'금곡동'),  (1544,77,'호매실동'),  (1545,77,'곡반정동'),  (1546,77,'권선동'),  (1547,77,'장지동'),  (1548,77,'대황교동'),  (1549,77,'입북동'),  (1550,77,'당수동'),  (1551,77,'팔달로1가'),  (1552,77,'팔달로2가'),  (1553,77,'팔달로3가'),  (1554,77,'남창동'),  (1555,77,'영동'),  (1556,77,'중동'),  (1557,77,'구천동'),  (1558,77,'남수동'),  (1559,77,'매향동'),  (1560,77,'북수동'),  (1561,77,'신풍동'),  (1562,77,'장안동'),  (1563,77,'교동'),  (1564,77,'매교동'),  (1565,77,'매산로1가'),  (1566,77,'매산로2가'),  (1567,77,'매산로3가'),  (1568,77,'고등동'),  (1569,77,'화서동'),  (1570,77,'지동'),  (1571,77,'우만동'),  (1572,77,'인계동'),  (1573,77,'매탄동'),  (1574,77,'원천동'),  (1575,77,'이의동'),  (1576,77,'하동'),  (1577,77,'영통동'),  (1578,77,'신동'),  (1579,77,'망포동'),  (1580,78,'신흥동'),  (1581,78,'태평동'),  (1582,78,'수진동'),  (1583,78,'단대동'),  (1584,78,'산성동'),  (1585,78,'양지동'),  (1586,78,'복정동'),  (1587,78,'창곡동'),  (1588,78,'신촌동'),  (1589,78,'오야동'),  (1590,78,'심곡동'),  (1591,78,'고등동'),  (1592,78,'상적동'),  (1593,78,'둔전동'),  (1594,78,'시흥동'),  (1595,78,'금토동'),  (1596,78,'사송동'),  (1597,78,'성남동'),  (1598,78,'금광동'),  (1599,78,'은행동'),  (1600,78,'상대원동'),  (1601,78,'여수동'),  (1602,78,'도촌동'),  (1603,78,'갈현동'),  (1604,78,'하대원동'),  (1605,78,'중앙동'),  (1606,78,'분당동'),  (1607,78,'수내동'),  (1608,78,'정자동'),  (1609,78,'율동'),  (1610,78,'서현동'),  (1611,78,'이매동'),  (1612,78,'야탑동'),  (1613,78,'판교동'),  (1614,78,'삼평동'),  (1615,78,'백현동'),  (1616,78,'금곡동'),  (1617,78,'궁내동'),  (1618,78,'동원동'),  (1619,78,'구미동'),  (1620,78,'운중동'),  (1621,78,'대장동'),  (1622,78,'석운동'),  (1623,78,'하산운동'),  (1624,79,'의정부동'),  (1625,79,'호원동'),  (1626,79,'장암동'),  (1627,79,'신곡동'),  (1628,79,'용현동'),  (1629,79,'민락동'),  (1630,79,'낙양동'),  (1631,79,'자일동'),  (1632,79,'금오동'),  (1633,79,'가능동'),  (1634,79,'녹양동'),  (1635,79,'고산동'),  (1636,79,'산곡동'),  (1637,80,'안양동'),  (1638,80,'석수동'),  (1639,80,'박달동'),  (1640,80,'비산동'),  (1641,80,'관양동'),  (1642,80,'평촌동'),  (1643,80,'호계동'),  (1644,81,'원미동'),  (1645,81,'심곡동'),  (1646,81,'춘의동'),  (1647,81,'도당동'),  (1648,81,'약대동'),  (1649,81,'소사동'),  (1650,81,'역곡동'),  (1651,81,'중동'),  (1652,81,'상동'),  (1653,81,'소사본동'),  (1654,81,'심곡본동'),  (1655,81,'범박동'),  (1656,81,'괴안동'),  (1657,81,'송내동'),  (1658,81,'옥길동'),  (1659,81,'계수동'),  (1660,81,'오정동'),  (1661,81,'여월동'),  (1662,81,'작동'),  (1663,81,'원종동'),  (1664,81,'고강동'),  (1665,81,'대장동'),  (1666,81,'삼정동'),  (1667,81,'내동'),  (1668,82,'광명동'),  (1669,82,'철산동'),  (1670,82,'하안동'),  (1671,82,'소하동'),  (1672,82,'노온사동'),  (1673,82,'일직동'),  (1674,82,'가학동'),  (1675,82,'옥길동'),  (1676,83,'서정동'),  (1677,83,'장당동'),  (1678,83,'모곡동'),  (1679,83,'칠괴동'),  (1680,83,'칠원동'),  (1681,83,'도일동'),  (1682,83,'가재동'),  (1683,83,'장안동'),  (1684,83,'이충동'),  (1685,83,'지산동'),  (1686,83,'독곡동'),  (1687,83,'신장동'),  (1688,83,'평택동'),  (1689,83,'통복동'),  (1690,83,'군문동'),  (1691,83,'유천동'),  (1692,83,'합정동'),  (1693,83,'비전동'),  (1694,83,'동삭동'),  (1695,83,'세교동'),  (1696,83,'지제동'),  (1697,83,'신대동'),  (1698,83,'소사동'),  (1699,83,'용이동'),  (1700,83,'월곡동'),  (1701,83,'청룡동'),  (1702,83,'죽백동'),  (1703,83,'고덕동'),  (1704,83,'팽성읍'),  (1705,83,'안중읍'),  (1706,83,'포승읍'),  (1707,83,'청북읍'),  (1708,83,'진위면'),  (1709,83,'서탄면'),  (1710,83,'고덕면'),  (1711,83,'오성면'),  (1712,83,'현덕면'),  (1713,84,'송내동'),  (1714,84,'지행동'),  (1715,84,'생연동'),  (1716,84,'광암동'),  (1717,84,'걸산동'),  (1718,84,'보산동'),  (1719,84,'동두천동'),  (1720,84,'안흥동'),  (1721,84,'상봉암동'),  (1722,84,'하봉암동'),  (1723,84,'탑동동'),  (1724,84,'상패동'),  (1725,85,'일동'),  (1726,85,'이동'),  (1727,85,'사동'),  (1728,85,'본오동'),  (1729,85,'팔곡이동'),  (1730,85,'양상동'),  (1731,85,'부곡동'),  (1732,85,'성포동'),  (1733,85,'월피동'),  (1734,85,'팔곡일동'),  (1735,85,'건건동'),  (1736,85,'사사동'),  (1737,85,'수암동'),  (1738,85,'장상동'),  (1739,85,'장하동'),  (1740,85,'고잔동'),  (1741,85,'와동'),  (1742,85,'신길동'),  (1743,85,'성곡동'),  (1744,85,'원시동'),  (1745,85,'목내동'),  (1746,85,'초지동'),  (1747,85,'원곡동'),  (1748,85,'선부동'),  (1749,85,'대부동동'),  (1750,85,'대부북동'),  (1751,85,'대부남동'),  (1752,85,'선감동'),  (1753,85,'풍도동'),  (1754,85,'화정동'),  (1755,86,'주교동'),  (1756,86,'원당동'),  (1757,86,'신원동'),  (1758,86,'원흥동'),  (1759,86,'도내동'),  (1760,86,'성사동'),  (1761,86,'북한동'),  (1762,86,'효자동'),  (1763,86,'지축동'),  (1764,86,'오금동'),  (1765,86,'삼송동'),  (1766,86,'동산동'),  (1767,86,'용두동'),  (1768,86,'벽제동'),  (1769,86,'선유동'),  (1770,86,'고양동'),  (1771,86,'대자동'),  (1772,86,'관산동'),  (1773,86,'내유동'),  (1774,86,'토당동'),  (1775,86,'내곡동'),  (1776,86,'대장동'),  (1777,86,'화정동'),  (1778,86,'강매동'),  (1779,86,'행주내동'),  (1780,86,'행주외동'),  (1781,86,'신평동'),  (1782,86,'행신동'),  (1783,86,'화전동'),  (1784,86,'현천동'),  (1785,86,'덕은동'),  (1786,86,'향동동'),  (1787,86,'식사동'),  (1788,86,'중산동'),  (1789,86,'정발산동'),  (1790,86,'장항동'),  (1791,86,'마두동'),  (1792,86,'백석동'),  (1793,86,'풍동'),  (1794,86,'산황동'),  (1795,86,'사리현동'),  (1796,86,'지영동'),  (1797,86,'설문동'),  (1798,86,'문봉동'),  (1799,86,'성석동'),  (1800,86,'일산동'),  (1801,86,'주엽동'),  (1802,86,'탄현동'),  (1803,86,'대화동'),  (1804,86,'덕이동'),  (1805,86,'가좌동'),  (1806,86,'구산동'),  (1807,86,'법곳동'),  (1808,87,'관문동'),  (1809,87,'문원동'),  (1810,87,'갈현동'),  (1811,87,'막계동'),  (1812,87,'과천동'),  (1813,87,'주암동'),  (1814,87,'중앙동'),  (1815,87,'원문동'),  (1816,87,'별양동'),  (1817,87,'부림동'),  (1818,88,'갈매동'),  (1819,88,'사노동'),  (1820,88,'인창동'),  (1821,88,'교문동'),  (1822,88,'수택동'),  (1823,88,'아천동'),  (1824,88,'토평동'),  (1825,89,'호평동'),  (1826,89,'평내동'),  (1827,89,'금곡동'),  (1828,89,'일패동'),  (1829,89,'이패동'),  (1830,89,'삼패동'),  (1831,89,'수석동'),  (1832,89,'지금동'),  (1833,89,'도농동'),  (1834,89,'별내동'),  (1835,89,'다산동'),  (1836,89,'와부읍'),  (1837,89,'진접읍'),  (1838,89,'화도읍'),  (1839,89,'진건읍'),  (1840,89,'오남읍'),  (1841,89,'퇴계원읍'),  (1842,89,'별내면'),  (1843,89,'수동면'),  (1844,89,'조안면'),  (1845,90,'오산동'),  (1846,90,'부산동'),  (1847,90,'원동'),  (1848,90,'궐동'),  (1849,90,'청학동'),  (1850,90,'가장동'),  (1851,90,'금암동'),  (1852,90,'수청동'),  (1853,90,'은계동'),  (1854,90,'내삼미동'),  (1855,90,'외삼미동'),  (1856,90,'양산동'),  (1857,90,'세교동'),  (1858,90,'지곶동'),  (1859,90,'서랑동'),  (1860,90,'서동'),  (1861,90,'벌음동'),  (1862,90,'두곡동'),  (1863,90,'탑동'),  (1864,90,'누읍동'),  (1865,90,'가수동'),  (1866,90,'고현동'),  (1867,90,'청호동'),  (1868,90,'갈곶동'),  (1869,91,'대야동'),  (1870,91,'신천동'),  (1871,91,'방산동'),  (1872,91,'포동'),  (1873,91,'미산동'),  (1874,91,'은행동'),  (1875,91,'안현동'),  (1876,91,'매화동'),  (1877,91,'도창동'),  (1878,91,'금이동'),  (1879,91,'과림동'),  (1880,91,'계수동'),  (1881,91,'화정동'),  (1882,91,'능곡동'),  (1883,91,'하중동'),  (1884,91,'하상동'),  (1885,91,'광석동'),  (1886,91,'물왕동'),  (1887,91,'산현동'),  (1888,91,'조남동'),  (1889,91,'논곡동'),  (1890,91,'목감동'),  (1891,91,'거모동'),  (1892,91,'군자동'),  (1893,91,'장현동'),  (1894,91,'장곡동'),  (1895,91,'월곶동'),  (1896,91,'정왕동'),  (1897,91,'죽율동'),  (1898,91,'무지내동'),  (1899,91,'배곧동'),  (1900,92,'당동'),  (1901,92,'당정동'),  (1902,92,'부곡동'),  (1903,92,'산본동'),  (1904,92,'금정동'),  (1905,92,'둔대동'),  (1906,92,'속달동'),  (1907,92,'대야미동'),  (1908,92,'도마교동'),  (1909,93,'고천동'),  (1910,93,'이동'),  (1911,93,'삼동'),  (1912,93,'왕곡동'),  (1913,93,'오전동'),  (1914,93,'학의동'),  (1915,93,'내손동'),  (1916,93,'청계동'),  (1917,93,'포일동'),  (1918,93,'월암동'),  (1919,93,'초평동'),  (1920,94,'천현동'),  (1921,94,'하산곡동'),  (1922,94,'창우동'),  (1923,94,'배알미동'),  (1924,94,'상산곡동'),  (1925,94,'신장동'),  (1926,94,'당정동'),  (1927,94,'덕풍동'),  (1928,94,'망월동'),  (1929,94,'풍산동'),  (1930,94,'미사동'),  (1931,94,'선동'),  (1932,94,'감북동'),  (1933,94,'감일동'),  (1934,94,'감이동'),  (1935,94,'학암동'),  (1936,94,'교산동'),  (1937,94,'춘궁동'),  (1938,94,'하사창동'),  (1939,94,'상사창동'),  (1940,94,'항동'),  (1941,94,'초일동'),  (1942,94,'초이동'),  (1943,94,'광암동'),  (1944,95,'김량장동'),  (1945,95,'역북동'),  (1946,95,'삼가동'),  (1947,95,'남동'),  (1948,95,'유방동'),  (1949,95,'고림동'),  (1950,95,'마평동'),  (1951,95,'운학동'),  (1952,95,'호동'),  (1953,95,'해곡동'),  (1954,95,'포곡읍'),  (1955,95,'모현읍'),  (1956,95,'이동읍'),  (1957,95,'남사읍'),  (1958,95,'원삼면'),  (1959,95,'백암면'),  (1960,95,'양지면'),  (1961,95,'신갈동'),  (1962,95,'구갈동'),  (1963,95,'상갈동'),  (1964,95,'하갈동'),  (1965,95,'보라동'),  (1966,95,'지곡동'),  (1967,95,'공세동'),  (1968,95,'고매동'),  (1969,95,'농서동'),  (1970,95,'서천동'),  (1971,95,'영덕동'),  (1972,95,'언남동'),  (1973,95,'마북동'),  (1974,95,'청덕동'),  (1975,95,'동백동'),  (1976,95,'중동'),  (1977,95,'상하동'),  (1978,95,'보정동'),  (1979,95,'풍덕천동'),  (1980,95,'죽전동'),  (1981,95,'동천동'),  (1982,95,'고기동'),  (1983,95,'신봉동'),  (1984,95,'성복동'),  (1985,95,'상현동'),  (1986,96,'금촌동'),  (1987,96,'아동동'),  (1988,96,'야동동'),  (1989,96,'검산동'),  (1990,96,'맥금동'),  (1991,96,'교하동'),  (1992,96,'야당동'),  (1993,96,'다율동'),  (1994,96,'오도동'),  (1995,96,'상지석동'),  (1996,96,'산남동'),  (1997,96,'동패동'),  (1998,96,'당하동'),  (1999,96,'문발동'),  (2000,96,'송촌동'),  (2001,96,'목동동'),  (2002,96,'하지석동'),  (2003,96,'서패동'),  (2004,96,'신촌동'),  (2005,96,'연다산동'),  (2006,96,'와동동'),  (2007,96,'금릉동'),  (2008,96,'문산읍'),  (2009,96,'파주읍'),  (2010,96,'법원읍'),  (2011,96,'조리읍'),  (2012,96,'월롱면'),  (2013,96,'탄현면'),  (2014,96,'광탄면'),  (2015,96,'파평면'),  (2016,96,'적성면'),  (2017,96,'군내면'),  (2018,96,'장단면'),  (2019,96,'진동면'),  (2020,96,'진서면'),  (2021,97,'창전동'),  (2022,97,'관고동'),  (2023,97,'중리동'),  (2024,97,'증일동'),  (2025,97,'율현동'),  (2026,97,'진리동'),  (2027,97,'안흥동'),  (2028,97,'갈산동'),  (2029,97,'증포동'),  (2030,97,'송정동'),  (2031,97,'사음동'),  (2032,97,'단월동'),  (2033,97,'대포동'),  (2034,97,'고담동'),  (2035,97,'장록동'),  (2036,97,'장호원읍'),  (2037,97,'부발읍'),  (2038,97,'신둔면'),  (2039,97,'백사면'),  (2040,97,'호법면'),  (2041,97,'마장면'),  (2042,97,'대월면'),  (2043,97,'모가면'),  (2044,97,'설성면'),  (2045,97,'율면'),  (2046,98,'봉산동'),  (2047,98,'숭인동'),  (2048,98,'영동'),  (2049,98,'봉남동'),  (2050,98,'구포동'),  (2051,98,'동본동'),  (2052,98,'명륜동'),  (2053,98,'옥천동'),  (2054,98,'낙원동'),  (2055,98,'창전동'),  (2056,98,'성남동'),  (2057,98,'신흥동'),  (2058,98,'인지동'),  (2059,98,'금산동'),  (2060,98,'연지동'),  (2061,98,'대천동'),  (2062,98,'서인동'),  (2063,98,'석정동'),  (2064,98,'아양동'),  (2065,98,'금석동'),  (2066,98,'계동'),  (2067,98,'옥산동'),  (2068,98,'사곡동'),  (2069,98,'도기동'),  (2070,98,'당왕동'),  (2071,98,'가사동'),  (2072,98,'가현동'),  (2073,98,'신건지동'),  (2074,98,'신소현동'),  (2075,98,'신모산동'),  (2076,98,'현수동'),  (2077,98,'발화동'),  (2078,98,'중리동'),  (2079,98,'공도읍'),  (2080,98,'보개면'),  (2081,98,'금광면'),  (2082,98,'서운면'),  (2083,98,'미양면'),  (2084,98,'대덕면'),  (2085,98,'양성면'),  (2086,98,'원곡면'),  (2087,98,'일죽면'),  (2088,98,'죽산면'),  (2089,98,'삼죽면'),  (2090,98,'고삼면'),  (2091,99,'북변동'),  (2092,99,'걸포동'),  (2093,99,'운양동'),  (2094,99,'장기동'),  (2095,99,'감정동'),  (2096,99,'사우동'),  (2097,99,'풍무동'),  (2098,99,'마산동'),  (2099,99,'구래동'),  (2100,99,'통진읍'),  (2101,99,'고촌읍'),  (2102,99,'양촌읍'),  (2103,99,'대곶면'),  (2104,99,'월곶면'),  (2105,99,'하성면'),  (2106,100,'진안동'),  (2107,100,'병점동'),  (2108,100,'능동'),  (2109,100,'기산동'),  (2110,100,'반월동'),  (2111,100,'반정동'),  (2112,100,'황계동'),  (2113,100,'배양동'),  (2114,100,'기안동'),  (2115,100,'송산동'),  (2116,100,'안녕동'),  (2117,100,'반송동'),  (2118,100,'석우동'),  (2119,100,'오산동'),  (2120,100,'청계동'),  (2121,100,'영천동'),  (2122,100,'중동'),  (2123,100,'신동'),  (2124,100,'목동'),  (2125,100,'산척동'),  (2126,100,'장지동'),  (2127,100,'송동'),  (2128,100,'방교동'),  (2129,100,'금곡동'),  (2130,100,'새솔동'),  (2131,100,'봉담읍'),  (2132,100,'우정읍'),  (2133,100,'향남읍'),  (2134,100,'남양읍'),  (2135,100,'매송면'),  (2136,100,'비봉면'),  (2137,100,'마도면'),  (2138,100,'송산면'),  (2139,100,'서신면'),  (2140,100,'팔탄면'),  (2141,100,'장안면'),  (2142,100,'양감면'),  (2143,100,'정남면'),  (2144,101,'경안동'),  (2145,101,'쌍령동'),  (2146,101,'송정동'),  (2147,101,'회덕동'),  (2148,101,'탄벌동'),  (2149,101,'목현동'),  (2150,101,'삼동'),  (2151,101,'중대동'),  (2152,101,'직동'),  (2153,101,'태전동'),  (2154,101,'장지동'),  (2155,101,'역동'),  (2156,101,'목동'),  (2157,101,'고산동'),  (2158,101,'신현동'),  (2159,101,'능평동'),  (2160,101,'문형동'),  (2161,101,'추자동'),  (2162,101,'매산동'),  (2163,101,'양벌동'),  (2164,101,'초월읍'),  (2165,101,'곤지암읍'),  (2166,101,'도척면'),  (2167,101,'퇴촌면'),  (2168,101,'남종면'),  (2169,101,'남한산성면'),  (2170,102,'유양동'),  (2171,102,'어둔동'),  (2172,102,'남방동'),  (2173,102,'마전동'),  (2174,102,'산북동'),  (2175,102,'광사동'),  (2176,102,'만송동'),  (2177,102,'삼숭동'),  (2178,102,'고읍동'),  (2179,102,'덕정동'),  (2180,102,'봉양동'),  (2181,102,'회암동'),  (2182,102,'율정동'),  (2183,102,'옥정동'),  (2184,102,'고암동'),  (2185,102,'덕계동'),  (2186,102,'회정동'),  (2187,102,'백석읍'),  (2188,102,'은현면'),  (2189,102,'남면'),  (2190,102,'광적면'),  (2191,102,'장흥면'),  (2192,103,'신읍동'),  (2193,103,'어룡동'),  (2194,103,'자작동'),  (2195,103,'선단동'),  (2196,103,'설운동'),  (2197,103,'동교동'),  (2198,103,'소흘읍'),  (2199,103,'군내면'),  (2200,103,'내촌면'),  (2201,103,'가산면'),  (2202,103,'신북면'),  (2203,103,'창수면'),  (2204,103,'영중면'),  (2205,103,'일동면'),  (2206,103,'이동면'),  (2207,103,'영북면'),  (2208,103,'관인면'),  (2209,103,'화현면'),  (2210,104,'상동'),  (2211,104,'홍문동'),  (2212,104,'창동'),  (2213,104,'우만동'),  (2214,104,'단현동'),  (2215,104,'신진동'),  (2216,104,'하동'),  (2217,104,'교동'),  (2218,104,'월송동'),  (2219,104,'가업동'),  (2220,104,'연라동'),  (2221,104,'상거동'),  (2222,104,'하거동'),  (2223,104,'삼교동'),  (2224,104,'점봉동'),  (2225,104,'능현동'),  (2226,104,'멱곡동'),  (2227,104,'연양동'),  (2228,104,'매룡동'),  (2229,104,'천송동'),  (2230,104,'오학동'),  (2231,104,'현암동'),  (2232,104,'오금동'),  (2233,104,'가남읍'),  (2234,104,'점동면'),  (2235,104,'흥천면'),  (2236,104,'금사면'),  (2237,104,'세종대왕면'),  (2238,104,'대신면'),  (2239,104,'북내면'),  (2240,104,'강천면'),  (2241,104,'산북면'),  (2242,105,'연천읍'),  (2243,105,'전곡읍'),  (2244,105,'군남면'),  (2245,105,'청산면'),  (2246,105,'백학면'),  (2247,105,'미산면'),  (2248,105,'왕징면'),  (2249,105,'신서면'),  (2250,105,'중면'),  (2251,105,'장남면'),  (2252,106,'가평읍'),  (2253,106,'설악면'),  (2254,106,'청평면'),  (2255,106,'상면'),  (2256,106,'조종면'),  (2257,106,'북면'),  (2258,107,'양평읍'),  (2259,107,'강상면'),  (2260,107,'강하면'),  (2261,107,'양서면'),  (2262,107,'옥천면'),  (2263,107,'서종면'),  (2264,107,'단월면'),  (2265,107,'청운면'),  (2266,107,'양동면'),  (2267,107,'지평면'),  (2268,107,'용문면'),  (2269,107,'개군면'),  (2270,108,'영동'),  (2271,108,'북문로1가'),  (2272,108,'북문로2가'),  (2273,108,'북문로3가'),  (2274,108,'남문로1가'),  (2275,108,'남문로2가'),  (2276,108,'문화동'),  (2277,108,'서운동'),  (2278,108,'서문동'),  (2279,108,'남주동'),  (2280,108,'석교동'),  (2281,108,'수동'),  (2282,108,'탑동'),  (2283,108,'대성동'),  (2284,108,'영운동'),  (2285,108,'금천동'),  (2286,108,'용담동'),  (2287,108,'명암동'),  (2288,108,'산성동'),  (2289,108,'용암동'),  (2290,108,'용정동'),  (2291,108,'방서동'),  (2292,108,'평촌동'),  (2293,108,'지북동'),  (2294,108,'운동동'),  (2295,108,'월오동'),  (2296,108,'낭성면'),  (2297,108,'미원면'),  (2298,108,'가덕면'),  (2299,108,'남일면'),  (2300,108,'문의면'),  (2301,108,'사직동'),  (2302,108,'사창동'),  (2303,108,'모충동'),  (2304,108,'산남동'),  (2305,108,'미평동'),  (2306,108,'분평동'),  (2307,108,'수곡동'),  (2308,108,'성화동'),  (2309,108,'개신동'),  (2310,108,'죽림동'),  (2311,108,'장성동'),  (2312,108,'장암동'),  (2313,108,'남이면'),  (2314,108,'현도면'),  (2315,108,'운천동'),  (2316,108,'신봉동'),  (2317,108,'가경동'),  (2318,108,'복대동'),  (2319,108,'봉명동'),  (2320,108,'송정동'),  (2321,108,'강서동'),  (2322,108,'석곡동'),  (2323,108,'휴암동'),  (2324,108,'신전동'),  (2325,108,'현암동'),  (2326,108,'동막동'),  (2327,108,'수의동'),  (2328,108,'지동동'),  (2329,108,'서촌동'),  (2330,108,'신성동'),  (2331,108,'평동'),  (2332,108,'신대동'),  (2333,108,'남촌동'),  (2334,108,'내곡동'),  (2335,108,'상신동'),  (2336,108,'원평동'),  (2337,108,'문암동'),  (2338,108,'송절동'),  (2339,108,'화계동'),  (2340,108,'외북동'),  (2341,108,'향정동'),  (2342,108,'비하동'),  (2343,108,'석소동'),  (2344,108,'정봉동'),  (2345,108,'신촌동'),  (2346,108,'오송읍'),  (2347,108,'강내면'),  (2348,108,'옥산면'),  (2349,108,'우암동'),  (2350,108,'내덕동'),  (2351,108,'율량동'),  (2352,108,'사천동'),  (2353,108,'주성동'),  (2354,108,'주중동'),  (2355,108,'정상동'),  (2356,108,'정하동'),  (2357,108,'정북동'),  (2358,108,'오동동'),  (2359,108,'외남동'),  (2360,108,'외평동'),  (2361,108,'외하동'),  (2362,108,'내수읍'),  (2363,108,'오창읍'),  (2364,108,'북이면'),  (2365,109,'성내동'),  (2366,109,'성남동'),  (2367,109,'성서동'),  (2368,109,'충인동'),  (2369,109,'교현동'),  (2370,109,'용산동'),  (2371,109,'호암동'),  (2372,109,'직동'),  (2373,109,'단월동'),  (2374,109,'풍동'),  (2375,109,'가주동'),  (2376,109,'용관동'),  (2377,109,'용두동'),  (2378,109,'달천동'),  (2379,109,'봉방동'),  (2380,109,'칠금동'),  (2381,109,'연수동'),  (2382,109,'목행동'),  (2383,109,'용탄동'),  (2384,109,'종민동'),  (2385,109,'안림동'),  (2386,109,'목벌동'),  (2387,109,'충의동'),  (2388,109,'지현동'),  (2389,109,'문화동'),  (2390,109,'금릉동'),  (2391,109,'주덕읍'),  (2392,109,'살미면'),  (2393,109,'수안보면'),  (2394,109,'대소원면'),  (2395,109,'신니면'),  (2396,109,'노은면'),  (2397,109,'앙성면'),  (2398,109,'중앙탑면'),  (2399,109,'금가면'),  (2400,109,'동량면'),  (2401,109,'산척면'),  (2402,109,'엄정면'),  (2403,109,'소태면'),  (2404,110,'의림동'),  (2405,110,'서부동'),  (2406,110,'동현동'),  (2407,110,'남천동'),  (2408,110,'교동'),  (2409,110,'중앙로1가'),  (2410,110,'중앙로2가'),  (2411,110,'명동'),  (2412,110,'화산동'),  (2413,110,'영천동'),  (2414,110,'하소동'),  (2415,110,'신월동'),  (2416,110,'청전동'),  (2417,110,'모산동'),  (2418,110,'고암동'),  (2419,110,'장락동'),  (2420,110,'흑석동'),  (2421,110,'두학동'),  (2422,110,'고명동'),  (2423,110,'신백동'),  (2424,110,'강제동'),  (2425,110,'명지동'),  (2426,110,'산곡동'),  (2427,110,'왕암동'),  (2428,110,'천남동'),  (2429,110,'신동'),  (2430,110,'자작동'),  (2431,110,'대랑동'),  (2432,110,'봉양읍'),  (2433,110,'금성면'),  (2434,110,'청풍면'),  (2435,110,'수산면'),  (2436,110,'덕산면'),  (2437,110,'한수면'),  (2438,110,'백운면'),  (2439,110,'송학면'),  (2440,111,'보은읍'),  (2441,111,'속리산면'),  (2442,111,'장안면'),  (2443,111,'마로면'),  (2444,111,'탄부면'),  (2445,111,'삼승면'),  (2446,111,'수한면'),  (2447,111,'회남면'),  (2448,111,'회인면'),  (2449,111,'내북면'),  (2450,111,'산외면'),  (2451,112,'옥천읍'),  (2452,112,'동이면'),  (2453,112,'안남면'),  (2454,112,'안내면'),  (2455,112,'청성면'),  (2456,112,'청산면'),  (2457,112,'이원면'),  (2458,112,'군서면'),  (2459,112,'군북면'),  (2460,113,'영동읍'),  (2461,113,'용산면'),  (2462,113,'황간면'),  (2463,113,'추풍령면'),  (2464,113,'매곡면'),  (2465,113,'상촌면'),  (2466,113,'양강면'),  (2467,113,'용화면'),  (2468,113,'학산면'),  (2469,113,'양산면'),  (2470,113,'심천면'),  (2471,114,'증평읍'),  (2472,114,'도안면'),  (2473,115,'진천읍'),  (2474,115,'덕산읍'),  (2475,115,'초평면'),  (2476,115,'문백면'),  (2477,115,'백곡면'),  (2478,115,'이월면'),  (2479,115,'광혜원면'),  (2480,116,'괴산읍'),  (2481,116,'감물면'),  (2482,116,'장연면'),  (2483,116,'연풍면'),  (2484,116,'칠성면'),  (2485,116,'문광면'),  (2486,116,'청천면'),  (2487,116,'청안면'),  (2488,116,'사리면'),  (2489,116,'소수면'),  (2490,116,'불정면'),  (2491,117,'음성읍'),  (2492,117,'금왕읍'),  (2493,117,'소이면'),  (2494,117,'원남면'),  (2495,117,'맹동면'),  (2496,117,'대소면'),  (2497,117,'삼성면'),  (2498,117,'생극면'),  (2499,117,'감곡면'),  (2500,118,'단양읍'),  (2501,118,'매포읍'),  (2502,118,'대강면'),  (2503,118,'가곡면'),  (2504,118,'영춘면'),  (2505,118,'어상천면'),  (2506,118,'적성면'),  (2507,118,'단성면'),  (2508,119,'대흥동'),  (2509,119,'성황동'),  (2510,119,'문화동'),  (2511,119,'사직동'),  (2512,119,'영성동'),  (2513,119,'오룡동'),  (2514,119,'원성동'),  (2515,119,'구성동'),  (2516,119,'청수동'),  (2517,119,'삼룡동'),  (2518,119,'청당동'),  (2519,119,'유량동'),  (2520,119,'봉명동'),  (2521,119,'다가동'),  (2522,119,'용곡동'),  (2523,119,'신방동'),  (2524,119,'쌍용동'),  (2525,119,'신부동'),  (2526,119,'안서동'),  (2527,119,'구룡동'),  (2528,119,'목천읍'),  (2529,119,'풍세면'),  (2530,119,'광덕면'),  (2531,119,'북면'),  (2532,119,'성남면'),  (2533,119,'수신면'),  (2534,119,'병천면'),  (2535,119,'동면'),  (2536,119,'와촌동'),  (2537,119,'성정동'),  (2538,119,'백석동'),  (2539,119,'두정동'),  (2540,119,'성성동'),  (2541,119,'차암동'),  (2542,119,'불당동'),  (2543,119,'업성동'),  (2544,119,'신당동'),  (2545,119,'부대동'),  (2546,119,'성환읍'),  (2547,119,'성거읍'),  (2548,119,'직산읍'),  (2549,119,'입장면'),  (2550,120,'반죽동'),  (2551,120,'봉황동'),  (2552,120,'중학동'),  (2553,120,'중동'),  (2554,120,'산성동'),  (2555,120,'교동'),  (2556,120,'웅진동'),  (2557,120,'금성동'),  (2558,120,'옥룡동'),  (2559,120,'금학동'),  (2560,120,'봉정동'),  (2561,120,'주미동'),  (2562,120,'태봉동'),  (2563,120,'오곡동'),  (2564,120,'신기동'),  (2565,120,'소학동'),  (2566,120,'상왕동'),  (2567,120,'무릉동'),  (2568,120,'월송동'),  (2569,120,'신관동'),  (2570,120,'금흥동'),  (2571,120,'쌍신동'),  (2572,120,'월미동'),  (2573,120,'검상동'),  (2574,120,'석장리동'),  (2575,120,'송선동'),  (2576,120,'동현동'),  (2577,120,'유구읍'),  (2578,120,'이인면'),  (2579,120,'탄천면'),  (2580,120,'계룡면'),  (2581,120,'반포면'),  (2582,120,'의당면'),  (2583,120,'정안면'),  (2584,120,'우성면'),  (2585,120,'사곡면'),  (2586,120,'신풍면'),  (2587,121,'대천동'),  (2588,121,'죽정동'),  (2589,121,'화산동'),  (2590,121,'동대동'),  (2591,121,'명천동'),  (2592,121,'궁촌동'),  (2593,121,'내항동'),  (2594,121,'남곡동'),  (2595,121,'요암동'),  (2596,121,'신흑동'),  (2597,121,'웅천읍'),  (2598,121,'주포면'),  (2599,121,'오천면'),  (2600,121,'천북면'),  (2601,121,'청소면'),  (2602,121,'청라면'),  (2603,121,'남포면'),  (2604,121,'주산면'),  (2605,121,'미산면'),  (2606,121,'성주면'),  (2607,121,'주교면'),  (2608,122,'온천동'),  (2609,122,'실옥동'),  (2610,122,'방축동'),  (2611,122,'기산동'),  (2612,122,'초사동'),  (2613,122,'신인동'),  (2614,122,'법곡동'),  (2615,122,'장존동'),  (2616,122,'좌부동'),  (2617,122,'읍내동'),  (2618,122,'풍기동'),  (2619,122,'용화동'),  (2620,122,'모종동'),  (2621,122,'권곡동'),  (2622,122,'배미동'),  (2623,122,'득산동'),  (2624,122,'점양동'),  (2625,122,'신동'),  (2626,122,'남동'),  (2627,122,'염치읍'),  (2628,122,'배방읍'),  (2629,122,'송악면'),  (2630,122,'탕정면'),  (2631,122,'음봉면'),  (2632,122,'둔포면'),  (2633,122,'영인면'),  (2634,122,'인주면'),  (2635,122,'선장면'),  (2636,122,'도고면'),  (2637,122,'신창면'),  (2638,123,'읍내동'),  (2639,123,'동문동'),  (2640,123,'갈산동'),  (2641,123,'온석동'),  (2642,123,'잠홍동'),  (2643,123,'수석동'),  (2644,123,'석림동'),  (2645,123,'석남동'),  (2646,123,'예천동'),  (2647,123,'죽성동'),  (2648,123,'양대동'),  (2649,123,'오남동'),  (2650,123,'장동'),  (2651,123,'덕지천동'),  (2652,123,'대산읍'),  (2653,123,'인지면'),  (2654,123,'부석면'),  (2655,123,'팔봉면'),  (2656,123,'지곡면'),  (2657,123,'성연면'),  (2658,123,'음암면'),  (2659,123,'운산면'),  (2660,123,'해미면'),  (2661,123,'고북면'),  (2662,124,'화지동'),  (2663,124,'반월동'),  (2664,124,'대교동'),  (2665,124,'부창동'),  (2666,124,'취암동'),  (2667,124,'등화동'),  (2668,124,'지산동'),  (2669,124,'덕지동'),  (2670,124,'내동'),  (2671,124,'강산동'),  (2672,124,'관촉동'),  (2673,124,'강경읍'),  (2674,124,'연무읍'),  (2675,124,'성동면'),  (2676,124,'광석면'),  (2677,124,'노성면'),  (2678,124,'상월면'),  (2679,124,'부적면'),  (2680,124,'연산면'),  (2681,124,'벌곡면'),  (2682,124,'양촌면'),  (2683,124,'가야곡면'),  (2684,124,'은진면'),  (2685,124,'채운면'),  (2686,125,'금암동'),  (2687,125,'두마면'),  (2688,125,'엄사면'),  (2689,125,'신도안면'),  (2690,126,'읍내동'),  (2691,126,'채운동'),  (2692,126,'우두동'),  (2693,126,'원당동'),  (2694,126,'시곡동'),  (2695,126,'수청동'),  (2696,126,'대덕동'),  (2697,126,'행정동'),  (2698,126,'용연동'),  (2699,126,'사기소동'),  (2700,126,'구룡동'),  (2701,126,'합덕읍'),  (2702,126,'송악읍'),  (2703,126,'고대면'),  (2704,126,'석문면'),  (2705,126,'대호지면'),  (2706,126,'정미면'),  (2707,126,'면천면'),  (2708,126,'순성면'),  (2709,126,'우강면'),  (2710,126,'신평면'),  (2711,126,'송산면'),  (2712,127,'금산읍'),  (2713,127,'금성면'),  (2714,127,'제원면'),  (2715,127,'부리면'),  (2716,127,'군북면'),  (2717,127,'남일면'),  (2718,127,'남이면'),  (2719,127,'진산면'),  (2720,127,'복수면'),  (2721,127,'추부면'),  (2722,128,'부여읍'),  (2723,128,'규암면'),  (2724,128,'은산면'),  (2725,128,'외산면'),  (2726,128,'내산면'),  (2727,128,'구룡면'),  (2728,128,'홍산면'),  (2729,128,'옥산면'),  (2730,128,'남면'),  (2731,128,'충화면'),  (2732,128,'양화면'),  (2733,128,'임천면'),  (2734,128,'장암면'),  (2735,128,'세도면'),  (2736,128,'석성면'),  (2737,128,'초촌면'),  (2738,129,'장항읍'),  (2739,129,'서천읍'),  (2740,129,'마서면'),  (2741,129,'화양면'),  (2742,129,'기산면'),  (2743,129,'한산면'),  (2744,129,'마산면'),  (2745,129,'시초면'),  (2746,129,'문산면'),  (2747,129,'판교면'),  (2748,129,'종천면'),  (2749,129,'비인면'),  (2750,129,'서면'),  (2751,130,'청양읍'),  (2752,130,'운곡면'),  (2753,130,'대치면'),  (2754,130,'정산면'),  (2755,130,'목면'),  (2756,130,'청남면'),  (2757,130,'장평면'),  (2758,130,'남양면'),  (2759,130,'화성면'),  (2760,130,'비봉면'),  (2761,131,'홍성읍'),  (2762,131,'광천읍'),  (2763,131,'홍북읍'),  (2764,131,'금마면'),  (2765,131,'홍동면'),  (2766,131,'장곡면'),  (2767,131,'은하면'),  (2768,131,'결성면'),  (2769,131,'서부면'),  (2770,131,'갈산면'),  (2771,131,'구항면'),  (2772,132,'예산읍'),  (2773,132,'삽교읍'),  (2774,132,'대술면'),  (2775,132,'신양면'),  (2776,132,'광시면'),  (2777,132,'대흥면'),  (2778,132,'응봉면'),  (2779,132,'덕산면'),  (2780,132,'봉산면'),  (2781,132,'고덕면'),  (2782,132,'신암면'),  (2783,132,'오가면'),  (2784,133,'태안읍'),  (2785,133,'안면읍'),  (2786,133,'고남면'),  (2787,133,'남면'),  (2788,133,'근흥면'),  (2789,133,'소원면'),  (2790,133,'원북면'),  (2791,133,'이원면'),  (2792,134,'용당동'),  (2793,134,'산정동'),  (2794,134,'연산동'),  (2795,134,'대성동'),  (2796,134,'양동'),  (2797,134,'북교동'),  (2798,134,'남교동'),  (2799,134,'호남동'),  (2800,134,'대안동'),  (2801,134,'창평동'),  (2802,134,'명륜동'),  (2803,134,'죽동'),  (2804,134,'무안동'),  (2805,134,'측후동'),  (2806,134,'상락동1가'),  (2807,134,'상락동2가'),  (2808,134,'복만동'),  (2809,134,'동명동'),  (2810,134,'광동1가'),  (2811,134,'광동2가'),  (2812,134,'광동3가'),  (2813,134,'영해동1가'),  (2814,134,'영해동2가'),  (2815,134,'행복동1가'),  (2816,134,'행복동2가'),  (2817,134,'축복동1가'),  (2818,134,'축복동2가'),  (2819,134,'축복동3가'),  (2820,134,'보광동1가'),  (2821,134,'보광동2가'),  (2822,134,'보광동3가'),  (2823,134,'유달동'),  (2824,134,'대의동1가'),  (2825,134,'대의동2가'),  (2826,134,'대의동3가'),  (2827,134,'중앙동1가'),  (2828,134,'중앙동2가'),  (2829,134,'중앙동3가'),  (2830,134,'만호동'),  (2831,134,'수강동1가'),  (2832,134,'수강동2가'),  (2833,134,'해안동1가'),  (2834,134,'해안동2가'),  (2835,134,'해안동3가'),  (2836,134,'해안동4가'),  (2837,134,'항동'),  (2838,134,'중동1가'),  (2839,134,'중동2가'),  (2840,134,'유동'),  (2841,134,'금동1가'),  (2842,134,'금동2가'),  (2843,134,'경동1가'),  (2844,134,'경동2가'),  (2845,134,'서산동'),  (2846,134,'금화동'),  (2847,134,'온금동'),  (2848,134,'죽교동'),  (2849,134,'상동'),  (2850,134,'용해동'),  (2851,134,'석현동'),  (2852,134,'달동'),  (2853,134,'율도동'),  (2854,134,'대양동'),  (2855,134,'옥암동'),  (2856,135,'종화동'),  (2857,135,'수정동'),  (2858,135,'공화동'),  (2859,135,'관문동'),  (2860,135,'고소동'),  (2861,135,'동산동'),  (2862,135,'중앙동'),  (2863,135,'교동'),  (2864,135,'군자동'),  (2865,135,'충무동'),  (2866,135,'연등동'),  (2867,135,'광무동'),  (2868,135,'서교동'),  (2869,135,'봉강동'),  (2870,135,'봉산동'),  (2871,135,'남산동'),  (2872,135,'국동'),  (2873,135,'신월동'),  (2874,135,'여서동'),  (2875,135,'문수동'),  (2876,135,'오림동'),  (2877,135,'미평동'),  (2878,135,'둔덕동'),  (2879,135,'오천동'),  (2880,135,'만흥동'),  (2881,135,'덕충동'),  (2882,135,'경호동'),  (2883,135,'학동'),  (2884,135,'학용동'),  (2885,135,'안산동'),  (2886,135,'소호동'),  (2887,135,'시전동'),  (2888,135,'신기동'),  (2889,135,'웅천동'),  (2890,135,'선원동'),  (2891,135,'여천동'),  (2892,135,'화장동'),  (2893,135,'주삼동'),  (2894,135,'봉계동'),  (2895,135,'해산동'),  (2896,135,'화치동'),  (2897,135,'월하동'),  (2898,135,'평여동'),  (2899,135,'중흥동'),  (2900,135,'적량동'),  (2901,135,'월내동'),  (2902,135,'묘도동'),  (2903,135,'낙포동'),  (2904,135,'신덕동'),  (2905,135,'상암동'),  (2906,135,'호명동'),  (2907,135,'돌산읍'),  (2908,135,'소라면'),  (2909,135,'율촌면'),  (2910,135,'화양면'),  (2911,135,'남면'),  (2912,135,'화정면'),  (2913,135,'삼산면'),  (2914,136,'삼거동'),  (2915,136,'와룡동'),  (2916,136,'영동'),  (2917,136,'옥천동'),  (2918,136,'행동'),  (2919,136,'금곡동'),  (2920,136,'매곡동'),  (2921,136,'석현동'),  (2922,136,'가곡동'),  (2923,136,'용당동'),  (2924,136,'조곡동'),  (2925,136,'생목동'),  (2926,136,'덕암동'),  (2927,136,'연향동'),  (2928,136,'풍덕동'),  (2929,136,'남정동'),  (2930,136,'인제동'),  (2931,136,'저전동'),  (2932,136,'장천동'),  (2933,136,'남내동'),  (2934,136,'중앙동'),  (2935,136,'동외동'),  (2936,136,'교량동'),  (2937,136,'대룡동'),  (2938,136,'홍내동'),  (2939,136,'오천동'),  (2940,136,'덕월동'),  (2941,136,'야흥동'),  (2942,136,'인월동'),  (2943,136,'안풍동'),  (2944,136,'대대동'),  (2945,136,'왕지동'),  (2946,136,'조례동'),  (2947,136,'승주읍'),  (2948,136,'해룡면'),  (2949,136,'서면'),  (2950,136,'황전면'),  (2951,136,'월등면'),  (2952,136,'주암면'),  (2953,136,'송광면'),  (2954,136,'외서면'),  (2955,136,'낙안면'),  (2956,136,'별량면'),  (2957,136,'상사면'),  (2958,137,'토계동'),  (2959,137,'송월동'),  (2960,137,'안창동'),  (2961,137,'삼영동'),  (2962,137,'교동'),  (2963,137,'서내동'),  (2964,137,'산정동'),  (2965,137,'경현동'),  (2966,137,'보산동'),  (2967,137,'금계동'),  (2968,137,'금성동'),  (2969,137,'남내동'),  (2970,137,'과원동'),  (2971,137,'성북동'),  (2972,137,'중앙동'),  (2973,137,'대호동'),  (2974,137,'송촌동'),  (2975,137,'석현동'),  (2976,137,'청동'),  (2977,137,'남외동'),  (2978,137,'죽림동'),  (2979,137,'삼도동'),  (2980,137,'영산동'),  (2981,137,'용산동'),  (2982,137,'관정동'),  (2983,137,'평산동'),  (2984,137,'부덕동'),  (2985,137,'이창동'),  (2986,137,'대기동'),  (2987,137,'운곡동'),  (2988,137,'동수동'),  (2989,137,'오량동'),  (2990,137,'진포동'),  (2991,137,'빛가람동'),  (2992,137,'남평읍'),  (2993,137,'세지면'),  (2994,137,'왕곡면'),  (2995,137,'반남면'),  (2996,137,'공산면'),  (2997,137,'동강면'),  (2998,137,'다시면'),  (2999,137,'문평면'),  (3000,137,'노안면'),  (3001,137,'금천면'),  (3002,137,'산포면'),  (3003,137,'다도면'),  (3004,137,'봉황면'),  (3005,138,'황금동'),  (3006,138,'황길동'),  (3007,138,'도이동'),  (3008,138,'성황동'),  (3009,138,'중군동'),  (3010,138,'중동'),  (3011,138,'마동'),  (3012,138,'광영동'),  (3013,138,'태인동'),  (3014,138,'금호동'),  (3015,138,'광양읍'),  (3016,138,'봉강면'),  (3017,138,'옥룡면'),  (3018,138,'옥곡면'),  (3019,138,'진상면'),  (3020,138,'진월면'),  (3021,138,'다압면'),  (3022,139,'담양읍'),  (3023,139,'봉산면'),  (3024,139,'고서면'),  (3025,139,'가사문학면'),  (3026,139,'창평면'),  (3027,139,'대덕면'),  (3028,139,'무정면'),  (3029,139,'금성면'),  (3030,139,'용면'),  (3031,139,'월산면'),  (3032,139,'수북면'),  (3033,139,'대전면'),  (3034,140,'곡성읍'),  (3035,140,'오곡면'),  (3036,140,'삼기면'),  (3037,140,'석곡면'),  (3038,140,'목사동면'),  (3039,140,'죽곡면'),  (3040,140,'고달면'),  (3041,140,'옥과면'),  (3042,140,'입면'),  (3043,140,'겸면'),  (3044,140,'오산면'),  (3045,141,'구례읍'),  (3046,141,'문척면'),  (3047,141,'간전면'),  (3048,141,'토지면'),  (3049,141,'마산면'),  (3050,141,'광의면'),  (3051,141,'용방면'),  (3052,141,'산동면'),  (3053,142,'고흥읍'),  (3054,142,'도양읍'),  (3055,142,'풍양면'),  (3056,142,'도덕면'),  (3057,142,'금산면'),  (3058,142,'도화면'),  (3059,142,'포두면'),  (3060,142,'봉래면'),  (3061,142,'점암면'),  (3062,142,'과역면'),  (3063,142,'남양면'),  (3064,142,'동강면'),  (3065,142,'대서면'),  (3066,142,'두원면'),  (3067,142,'영남면'),  (3068,142,'동일면'),  (3069,143,'보성읍'),  (3070,143,'벌교읍'),  (3071,143,'노동면'),  (3072,143,'미력면'),  (3073,143,'겸백면'),  (3074,143,'율어면'),  (3075,143,'복내면'),  (3076,143,'문덕면'),  (3077,143,'조성면'),  (3078,143,'득량면'),  (3079,143,'회천면'),  (3080,143,'웅치면'),  (3081,144,'화순읍'),  (3082,144,'한천면'),  (3083,144,'춘양면'),  (3084,144,'청풍면'),  (3085,144,'이양면'),  (3086,144,'능주면'),  (3087,144,'도곡면'),  (3088,144,'도암면'),  (3089,144,'이서면'),  (3090,144,'백아면'),  (3091,144,'동복면'),  (3092,144,'사평면'),  (3093,144,'동면'),  (3094,145,'장흥읍'),  (3095,145,'관산읍'),  (3096,145,'대덕읍'),  (3097,145,'용산면'),  (3098,145,'안양면'),  (3099,145,'장동면'),  (3100,145,'장평면'),  (3101,145,'유치면'),  (3102,145,'부산면'),  (3103,145,'회진면'),  (3104,146,'강진읍'),  (3105,146,'군동면'),  (3106,146,'칠량면'),  (3107,146,'대구면'),  (3108,146,'도암면'),  (3109,146,'신전면'),  (3110,146,'성전면'),  (3111,146,'작천면'),  (3112,146,'병영면'),  (3113,146,'옴천면'),  (3114,146,'마량면'),  (3115,147,'해남읍'),  (3116,147,'삼산면'),  (3117,147,'화산면'),  (3118,147,'현산면'),  (3119,147,'송지면'),  (3120,147,'북평면'),  (3121,147,'북일면'),  (3122,147,'옥천면'),  (3123,147,'계곡면'),  (3124,147,'마산면'),  (3125,147,'황산면'),  (3126,147,'산이면'),  (3127,147,'문내면'),  (3128,147,'화원면'),  (3129,148,'영암읍'),  (3130,148,'삼호읍'),  (3131,148,'덕진면'),  (3132,148,'금정면'),  (3133,148,'신북면'),  (3134,148,'시종면'),  (3135,148,'도포면'),  (3136,148,'군서면'),  (3137,148,'서호면'),  (3138,148,'학산면'),  (3139,148,'미암면'),  (3140,149,'무안읍'),  (3141,149,'일로읍'),  (3142,149,'삼향읍'),  (3143,149,'몽탄면'),  (3144,149,'청계면'),  (3145,149,'현경면'),  (3146,149,'망운면'),  (3147,149,'해제면'),  (3148,149,'운남면'),  (3149,150,'함평읍'),  (3150,150,'손불면'),  (3151,150,'신광면'),  (3152,150,'학교면'),  (3153,150,'엄다면'),  (3154,150,'대동면'),  (3155,150,'나산면'),  (3156,150,'해보면'),  (3157,150,'월야면'),  (3158,151,'영광읍'),  (3159,151,'백수읍'),  (3160,151,'홍농읍'),  (3161,151,'대마면'),  (3162,151,'묘량면'),  (3163,151,'불갑면'),  (3164,151,'군서면'),  (3165,151,'군남면'),  (3166,151,'염산면'),  (3167,151,'법성면'),  (3168,151,'낙월면'),  (3169,152,'장성읍'),  (3170,152,'진원면'),  (3171,152,'남면'),  (3172,152,'동화면'),  (3173,152,'삼서면'),  (3174,152,'삼계면'),  (3175,152,'황룡면'),  (3176,152,'서삼면'),  (3177,152,'북일면'),  (3178,152,'북이면'),  (3179,152,'북하면'),  (3180,153,'완도읍'),  (3181,153,'금일읍'),  (3182,153,'노화읍'),  (3183,153,'군외면'),  (3184,153,'신지면'),  (3185,153,'고금면'),  (3186,153,'약산면'),  (3187,153,'청산면'),  (3188,153,'소안면'),  (3189,153,'금당면'),  (3190,153,'보길면'),  (3191,153,'생일면'),  (3192,154,'진도읍'),  (3193,154,'군내면'),  (3194,154,'고군면'),  (3195,154,'의신면'),  (3196,154,'임회면'),  (3197,154,'지산면'),  (3198,154,'조도면'),  (3199,155,'지도읍'),  (3200,155,'압해읍'),  (3201,155,'증도면'),  (3202,155,'임자면'),  (3203,155,'자은면'),  (3204,155,'비금면'),  (3205,155,'도초면'),  (3206,155,'흑산면'),  (3207,155,'하의면'),  (3208,155,'신의면'),  (3209,155,'장산면'),  (3210,155,'안좌면'),  (3211,155,'팔금면'),  (3212,155,'암태면'),  (3213,156,'상도동'),  (3214,156,'대도동'),  (3215,156,'해도동'),  (3216,156,'송도동'),  (3217,156,'청림동'),  (3218,156,'일월동'),  (3219,156,'송정동'),  (3220,156,'송내동'),  (3221,156,'괴동동'),  (3222,156,'동촌동'),  (3223,156,'장흥동'),  (3224,156,'인덕동'),  (3225,156,'호동'),  (3226,156,'효자동'),  (3227,156,'지곡동'),  (3228,156,'대잠동'),  (3229,156,'이동'),  (3230,156,'구룡포읍'),  (3231,156,'연일읍'),  (3232,156,'오천읍'),  (3233,156,'대송면'),  (3234,156,'동해면'),  (3235,156,'장기면'),  (3236,156,'호미곶면'),  (3237,156,'대흥동'),  (3238,156,'신흥동'),  (3239,156,'남빈동'),  (3240,156,'상원동'),  (3241,156,'여천동'),  (3242,156,'중앙동'),  (3243,156,'덕산동'),  (3244,156,'덕수동'),  (3245,156,'대신동'),  (3246,156,'동빈1가'),  (3247,156,'동빈2가'),  (3248,156,'학산동'),  (3249,156,'항구동'),  (3250,156,'득량동'),  (3251,156,'학잠동'),  (3252,156,'죽도동'),  (3253,156,'용흥동'),  (3254,156,'우현동'),  (3255,156,'창포동'),  (3256,156,'두호동'),  (3257,156,'장성동'),  (3258,156,'양덕동'),  (3259,156,'환호동'),  (3260,156,'여남동'),  (3261,156,'흥해읍'),  (3262,156,'신광면'),  (3263,156,'청하면'),  (3264,156,'송라면'),  (3265,156,'기계면'),  (3266,156,'죽장면'),  (3267,156,'기북면'),  (3268,157,'동부동'),  (3269,157,'서부동'),  (3270,157,'북부동'),  (3271,157,'성동동'),  (3272,157,'황오동'),  (3273,157,'노동동'),  (3274,157,'노서동'),  (3275,157,'성건동'),  (3276,157,'사정동'),  (3277,157,'황남동'),  (3278,157,'교동'),  (3279,157,'인왕동'),  (3280,157,'탑동'),  (3281,157,'충효동'),  (3282,157,'서악동'),  (3283,157,'효현동'),  (3284,157,'광명동'),  (3285,157,'동방동'),  (3286,157,'도지동'),  (3287,157,'남산동'),  (3288,157,'배반동'),  (3289,157,'구황동'),  (3290,157,'보문동'),  (3291,157,'황성동'),  (3292,157,'용강동'),  (3293,157,'동천동'),  (3294,157,'평동'),  (3295,157,'조양동'),  (3296,157,'시동'),  (3297,157,'시래동'),  (3298,157,'구정동'),  (3299,157,'마동'),  (3300,157,'하동'),  (3301,157,'진현동'),  (3302,157,'천군동'),  (3303,157,'신평동'),  (3304,157,'덕동'),  (3305,157,'암곡동'),  (3306,157,'황용동'),  (3307,157,'북군동'),  (3308,157,'손곡동'),  (3309,157,'율동'),  (3310,157,'배동'),  (3311,157,'석장동'),  (3312,157,'감포읍'),  (3313,157,'안강읍'),  (3314,157,'건천읍'),  (3315,157,'외동읍'),  (3316,157,'문무대왕면'),  (3317,157,'양남면'),  (3318,157,'내남면'),  (3319,157,'산내면'),  (3320,157,'서면'),  (3321,157,'현곡면'),  (3322,157,'강동면'),  (3323,157,'천북면'),  (3324,158,'감호동'),  (3325,158,'용두동'),  (3326,158,'모암동'),  (3327,158,'성내동'),  (3328,158,'평화동'),  (3329,158,'남산동'),  (3330,158,'황금동'),  (3331,158,'신음동'),  (3332,158,'교동'),  (3333,158,'삼락동'),  (3334,158,'문당동'),  (3335,158,'다수동'),  (3336,158,'백옥동'),  (3337,158,'부곡동'),  (3338,158,'지좌동'),  (3339,158,'덕곡동'),  (3340,158,'대광동'),  (3341,158,'응명동'),  (3342,158,'양천동'),  (3343,158,'율곡동'),  (3344,158,'아포읍'),  (3345,158,'농소면'),  (3346,158,'남면'),  (3347,158,'개령면'),  (3348,158,'감문면'),  (3349,158,'어모면'),  (3350,158,'봉산면'),  (3351,158,'대항면'),  (3352,158,'감천면'),  (3353,158,'조마면'),  (3354,158,'구성면'),  (3355,158,'지례면'),  (3356,158,'부항면'),  (3357,158,'대덕면'),  (3358,158,'증산면'),  (3359,159,'삼산동'),  (3360,159,'서부동'),  (3361,159,'북문동'),  (3362,159,'명륜동'),  (3363,159,'신안동'),  (3364,159,'율세동'),  (3365,159,'옥정동'),  (3366,159,'신세동'),  (3367,159,'법흥동'),  (3368,159,'용상동'),  (3369,159,'동문동'),  (3370,159,'동부동'),  (3371,159,'운흥동'),  (3372,159,'천리동'),  (3373,159,'남부동'),  (3374,159,'남문동'),  (3375,159,'안흥동'),  (3376,159,'대석동'),  (3377,159,'옥야동'),  (3378,159,'광석동'),  (3379,159,'당북동'),  (3380,159,'태화동'),  (3381,159,'화성동'),  (3382,159,'목성동'),  (3383,159,'법상동'),  (3384,159,'금곡동'),  (3385,159,'평화동'),  (3386,159,'안기동'),  (3387,159,'운안동'),  (3388,159,'성곡동'),  (3389,159,'상아동'),  (3390,159,'안막동'),  (3391,159,'옥동'),  (3392,159,'이천동'),  (3393,159,'노하동'),  (3394,159,'송현동'),  (3395,159,'송천동'),  (3396,159,'석동동'),  (3397,159,'정상동'),  (3398,159,'정하동'),  (3399,159,'수상동'),  (3400,159,'수하동'),  (3401,159,'풍산읍'),  (3402,159,'와룡면'),  (3403,159,'북후면'),  (3404,159,'서후면'),  (3405,159,'풍천면'),  (3406,159,'일직면'),  (3407,159,'남후면'),  (3408,159,'남선면'),  (3409,159,'임하면'),  (3410,159,'길안면'),  (3411,159,'임동면'),  (3412,159,'예안면'),  (3413,159,'도산면'),  (3414,159,'녹전면'),  (3415,160,'원평동'),  (3416,160,'지산동'),  (3417,160,'도량동'),  (3418,160,'봉곡동'),  (3419,160,'부곡동'),  (3420,160,'선기동'),  (3421,160,'수점동'),  (3422,160,'남통동'),  (3423,160,'형곡동'),  (3424,160,'송정동'),  (3425,160,'신평동'),  (3426,160,'비산동'),  (3427,160,'공단동'),  (3428,160,'광평동'),  (3429,160,'사곡동'),  (3430,160,'상모동'),  (3431,160,'임은동'),  (3432,160,'오태동'),  (3433,160,'신동'),  (3434,160,'구평동'),  (3435,160,'황상동'),  (3436,160,'인의동'),  (3437,160,'진평동'),  (3438,160,'시미동'),  (3439,160,'임수동'),  (3440,160,'양호동'),  (3441,160,'거의동'),  (3442,160,'옥계동'),  (3443,160,'구포동'),  (3444,160,'금전동'),  (3445,160,'선산읍'),  (3446,160,'고아읍'),  (3447,160,'산동읍'),  (3448,160,'무을면'),  (3449,160,'옥성면'),  (3450,160,'도개면'),  (3451,160,'해평면'),  (3452,160,'장천면'),  (3453,161,'영주동'),  (3454,161,'상망동'),  (3455,161,'하망동'),  (3456,161,'휴천동'),  (3457,161,'가흥동'),  (3458,161,'문정동'),  (3459,161,'고현동'),  (3460,161,'창진동'),  (3461,161,'상줄동'),  (3462,161,'조와동'),  (3463,161,'조암동'),  (3464,161,'적서동'),  (3465,161,'아지동'),  (3466,161,'풍기읍'),  (3467,161,'이산면'),  (3468,161,'평은면'),  (3469,161,'문수면'),  (3470,161,'장수면'),  (3471,161,'안정면'),  (3472,161,'봉현면'),  (3473,161,'순흥면'),  (3474,161,'단산면'),  (3475,161,'부석면'),  (3476,162,'조교동'),  (3477,162,'망정동'),  (3478,162,'야사동'),  (3479,162,'문내동'),  (3480,162,'문외동'),  (3481,162,'창구동'),  (3482,162,'교촌동'),  (3483,162,'과전동'),  (3484,162,'성내동'),  (3485,162,'화룡동'),  (3486,162,'도동'),  (3487,162,'금노동'),  (3488,162,'완산동'),  (3489,162,'범어동'),  (3490,162,'작산동'),  (3491,162,'봉동'),  (3492,162,'본촌동'),  (3493,162,'채신동'),  (3494,162,'괴연동'),  (3495,162,'대전동'),  (3496,162,'녹전동'),  (3497,162,'도림동'),  (3498,162,'오미동'),  (3499,162,'오수동'),  (3500,162,'쌍계동'),  (3501,162,'도남동'),  (3502,162,'매산동'),  (3503,162,'언하동'),  (3504,162,'신기동'),  (3505,162,'서산동'),  (3506,162,'금호읍'),  (3507,162,'청통면'),  (3508,162,'신녕면'),  (3509,162,'화산면'),  (3510,162,'화북면'),  (3511,162,'화남면'),  (3512,162,'자양면'),  (3513,162,'임고면'),  (3514,162,'고경면'),  (3515,162,'북안면'),  (3516,162,'대창면'),  (3517,163,'성하동'),  (3518,163,'성동동'),  (3519,163,'인봉동'),  (3520,163,'복룡동'),  (3521,163,'냉림동'),  (3522,163,'서성동'),  (3523,163,'남성동'),  (3524,163,'서문동'),  (3525,163,'무양동'),  (3526,163,'낙양동'),  (3527,163,'개운동'),  (3528,163,'신봉동'),  (3529,163,'가장동'),  (3530,163,'양촌동'),  (3531,163,'지천동'),  (3532,163,'오대동'),  (3533,163,'흥각동'),  (3534,163,'거동동'),  (3535,163,'인평동'),  (3536,163,'서곡동'),  (3537,163,'화개동'),  (3538,163,'외답동'),  (3539,163,'헌신동'),  (3540,163,'병성동'),  (3541,163,'도남동'),  (3542,163,'낙상동'),  (3543,163,'중덕동'),  (3544,163,'초산동'),  (3545,163,'화산동'),  (3546,163,'계산동'),  (3547,163,'부원동'),  (3548,163,'죽전동'),  (3549,163,'만산동'),  (3550,163,'연원동'),  (3551,163,'남장동'),  (3552,163,'남적동'),  (3553,163,'함창읍'),  (3554,163,'중동면'),  (3555,163,'사벌국면'),  (3556,163,'낙동면'),  (3557,163,'청리면'),  (3558,163,'공성면'),  (3559,163,'외남면'),  (3560,163,'내서면'),  (3561,163,'모동면'),  (3562,163,'모서면'),  (3563,163,'화동면'),  (3564,163,'화서면'),  (3565,163,'화북면'),  (3566,163,'외서면'),  (3567,163,'은척면'),  (3568,163,'공검면'),  (3569,163,'이안면'),  (3570,163,'화남면'),  (3571,164,'점촌동'),  (3572,164,'영신동'),  (3573,164,'흥덕동'),  (3574,164,'우지동'),  (3575,164,'창동'),  (3576,164,'신기동'),  (3577,164,'불정동'),  (3578,164,'유곡동'),  (3579,164,'공평동'),  (3580,164,'모전동'),  (3581,164,'윤직동'),  (3582,164,'문경읍'),  (3583,164,'가은읍'),  (3584,164,'영순면'),  (3585,164,'산양면'),  (3586,164,'호계면'),  (3587,164,'산북면'),  (3588,164,'동로면'),  (3589,164,'마성면'),  (3590,164,'농암면'),  (3591,165,'삼남동'),  (3592,165,'삼북동'),  (3593,165,'서상동'),  (3594,165,'신교동'),  (3595,165,'상방동'),  (3596,165,'백천동'),  (3597,165,'옥곡동'),  (3598,165,'사정동'),  (3599,165,'옥산동'),  (3600,165,'중산동'),  (3601,165,'정평동'),  (3602,165,'대평동'),  (3603,165,'대정동'),  (3604,165,'임당동'),  (3605,165,'대동'),  (3606,165,'계양동'),  (3607,165,'중방동'),  (3608,165,'조영동'),  (3609,165,'남방동'),  (3610,165,'내동'),  (3611,165,'여천동'),  (3612,165,'유곡동'),  (3613,165,'신천동'),  (3614,165,'점촌동'),  (3615,165,'평산동'),  (3616,165,'사동'),  (3617,165,'삼풍동'),  (3618,165,'갑제동'),  (3619,165,'하양읍'),  (3620,165,'진량읍'),  (3621,165,'압량읍'),  (3622,165,'와촌면'),  (3623,165,'자인면'),  (3624,165,'용성면'),  (3625,165,'남산면'),  (3626,165,'남천면'),  (3627,166,'의성읍'),  (3628,166,'단촌면'),  (3629,166,'점곡면'),  (3630,166,'옥산면'),  (3631,166,'사곡면'),  (3632,166,'춘산면'),  (3633,166,'가음면'),  (3634,166,'금성면'),  (3635,166,'봉양면'),  (3636,166,'비안면'),  (3637,166,'구천면'),  (3638,166,'단밀면'),  (3639,166,'단북면'),  (3640,166,'안계면'),  (3641,166,'다인면'),  (3642,166,'신평면'),  (3643,166,'안평면'),  (3644,166,'안사면'),  (3645,167,'청송읍'),  (3646,167,'주왕산면'),  (3647,167,'부남면'),  (3648,167,'현동면'),  (3649,167,'현서면'),  (3650,167,'안덕면'),  (3651,167,'파천면'),  (3652,167,'진보면'),  (3653,168,'영양읍'),  (3654,168,'입암면'),  (3655,168,'청기면'),  (3656,168,'일월면'),  (3657,168,'수비면'),  (3658,168,'석보면'),  (3659,169,'영덕읍'),  (3660,169,'강구면'),  (3661,169,'남정면'),  (3662,169,'달산면'),  (3663,169,'지품면'),  (3664,169,'축산면'),  (3665,169,'영해면'),  (3666,169,'병곡면'),  (3667,169,'창수면'),  (3668,170,'화양읍'),  (3669,170,'청도읍'),  (3670,170,'각남면'),  (3671,170,'풍각면'),  (3672,170,'각북면'),  (3673,170,'이서면'),  (3674,170,'운문면'),  (3675,170,'금천면'),  (3676,170,'매전면'),  (3677,171,'대가야읍'),  (3678,171,'덕곡면'),  (3679,171,'운수면'),  (3680,171,'성산면'),  (3681,171,'다산면'),  (3682,171,'개진면'),  (3683,171,'우곡면'),  (3684,171,'쌍림면'),  (3685,172,'성주읍'),  (3686,172,'선남면'),  (3687,172,'용암면'),  (3688,172,'수륜면'),  (3689,172,'가천면'),  (3690,172,'금수강산면'),  (3691,172,'대가면'),  (3692,172,'벽진면'),  (3693,172,'초전면'),  (3694,172,'월항면'),  (3695,173,'왜관읍'),  (3696,173,'북삼읍'),  (3697,173,'석적읍'),  (3698,173,'지천면'),  (3699,173,'동명면'),  (3700,173,'가산면'),  (3701,173,'약목면'),  (3702,173,'기산면'),  (3703,174,'예천읍'),  (3704,174,'호명읍'),  (3705,174,'용문면'),  (3706,174,'감천면'),  (3707,174,'보문면'),  (3708,174,'유천면'),  (3709,174,'용궁면'),  (3710,174,'개포면'),  (3711,174,'지보면'),  (3712,174,'풍양면'),  (3713,174,'효자면'),  (3714,174,'은풍면'),  (3715,175,'봉화읍'),  (3716,175,'물야면'),  (3717,175,'봉성면'),  (3718,175,'법전면'),  (3719,175,'춘양면'),  (3720,175,'소천면'),  (3721,175,'재산면'),  (3722,175,'명호면'),  (3723,175,'상운면'),  (3724,175,'석포면'),  (3725,176,'울진읍'),  (3726,176,'평해읍'),  (3727,176,'북면'),  (3728,176,'근남면'),  (3729,176,'기성면'),  (3730,176,'온정면'),  (3731,176,'죽변면'),  (3732,176,'후포면'),  (3733,176,'금강송면'),  (3734,176,'매화면'),  (3735,177,'울릉읍'),  (3736,177,'서면'),  (3737,177,'북면'),  (3738,178,'북동'),  (3739,178,'중동'),  (3740,178,'서상동'),  (3741,178,'소답동'),  (3742,178,'도계동'),  (3743,178,'동정동'),  (3744,178,'소계동'),  (3745,178,'용동'),  (3746,178,'덕정동'),  (3747,178,'지귀동'),  (3748,178,'서곡동'),  (3749,178,'봉림동'),  (3750,178,'퇴촌동'),  (3751,178,'명곡동'),  (3752,178,'반계동'),  (3753,178,'사화동'),  (3754,178,'차용동'),  (3755,178,'내리동'),  (3756,178,'명서동'),  (3757,178,'사림동'),  (3758,178,'봉곡동'),  (3759,178,'팔용동'),  (3760,178,'동읍'),  (3761,178,'북면'),  (3762,178,'대산면'),  (3763,178,'토월동'),  (3764,178,'사파정동'),  (3765,178,'가음정동'),  (3766,178,'외동'),  (3767,178,'대방동'),  (3768,178,'남산동'),  (3769,178,'삼정자동'),  (3770,178,'천선동'),  (3771,178,'불모산동'),  (3772,178,'안민동'),  (3773,178,'내동'),  (3774,178,'남지동'),  (3775,178,'상복동'),  (3776,178,'완암동'),  (3777,178,'창곡동'),  (3778,178,'월림동'),  (3779,178,'적현동'),  (3780,178,'양곡동'),  (3781,178,'반송동'),  (3782,178,'귀산동'),  (3783,178,'귀곡동'),  (3784,178,'귀현동'),  (3785,178,'신촌동'),  (3786,178,'반지동'),  (3787,178,'중앙동'),  (3788,178,'반림동'),  (3789,178,'상남동'),  (3790,178,'성주동'),  (3791,178,'웅남동'),  (3792,178,'사파동'),  (3793,178,'가음동'),  (3794,178,'성산동'),  (3795,178,'남양동'),  (3796,178,'용지동'),  (3797,178,'용호동'),  (3798,178,'신월동'),  (3799,178,'대원동'),  (3800,178,'두대동'),  (3801,178,'삼동동'),  (3802,178,'가포동'),  (3803,178,'교방동'),  (3804,178,'교원동'),  (3805,178,'남성동'),  (3806,178,'대내동'),  (3807,178,'대성동1가'),  (3808,178,'대성동2가'),  (3809,178,'대외동'),  (3810,178,'대창동'),  (3811,178,'덕동동'),  (3812,178,'동성동'),  (3813,178,'두월동1가'),  (3814,178,'두월동2가'),  (3815,178,'두월동3가'),  (3816,178,'문화동'),  (3817,178,'반월동'),  (3818,178,'부림동'),  (3819,178,'산호동'),  (3820,178,'서성동'),  (3821,178,'성호동'),  (3822,178,'수성동'),  (3823,178,'신창동'),  (3824,178,'신포동1가'),  (3825,178,'신포동2가'),  (3826,178,'신흥동'),  (3827,178,'완월동'),  (3828,178,'월남동1가'),  (3829,178,'월남동2가'),  (3830,178,'월남동3가'),  (3831,178,'월남동4가'),  (3832,178,'월남동5가'),  (3833,178,'월영동'),  (3834,178,'월포동'),  (3835,178,'예곡동'),  (3836,178,'오동동'),  (3837,178,'우산동'),  (3838,178,'유록동'),  (3839,178,'자산동'),  (3840,178,'장군동1가'),  (3841,178,'장군동2가'),  (3842,178,'장군동3가'),  (3843,178,'장군동4가'),  (3844,178,'장군동5가'),  (3845,178,'중성동'),  (3846,178,'중앙동1가'),  (3847,178,'중앙동2가'),  (3848,178,'중앙동3가'),  (3849,178,'창동'),  (3850,178,'창포동1가'),  (3851,178,'창포동2가'),  (3852,178,'창포동3가'),  (3853,178,'청계동'),  (3854,178,'추산동'),  (3855,178,'평화동'),  (3856,178,'화영동'),  (3857,178,'해운동'),  (3858,178,'현동'),  (3859,178,'홍문동'),  (3860,178,'구산면'),  (3861,178,'진동면'),  (3862,178,'진북면'),  (3863,178,'진전면'),  (3864,178,'구암동'),  (3865,178,'두척동'),  (3866,178,'봉암동'),  (3867,178,'석전동'),  (3868,178,'양덕동'),  (3869,178,'합성동'),  (3870,178,'회성동'),  (3871,178,'회원동'),  (3872,178,'내서읍'),  (3873,178,'동상동'),  (3874,178,'도천동'),  (3875,178,'도만동'),  (3876,178,'비봉동'),  (3877,178,'태평동'),  (3878,178,'충의동'),  (3879,178,'무송동'),  (3880,178,'인의동'),  (3881,178,'숭인동'),  (3882,178,'대영동'),  (3883,178,'남빈동'),  (3884,178,'앵곡동'),  (3885,178,'제황산동'),  (3886,178,'속천동'),  (3887,178,'대죽동'),  (3888,178,'안곡동'),  (3889,178,'수송동'),  (3890,178,'회현동'),  (3891,178,'익선동'),  (3892,178,'창선동'),  (3893,178,'대천동'),  (3894,178,'광화동'),  (3895,178,'통신동'),  (3896,178,'부흥동'),  (3897,178,'중평동'),  (3898,178,'근화동'),  (3899,178,'송죽동'),  (3900,178,'화천동'),  (3901,178,'송학동'),  (3902,178,'대흥동'),  (3903,178,'평안동'),  (3904,178,'충무동'),  (3905,178,'인사동'),  (3906,178,'여좌동'),  (3907,178,'태백동'),  (3908,178,'경화동'),  (3909,178,'석동'),  (3910,178,'이동'),  (3911,178,'자은동'),  (3912,178,'덕산동'),  (3913,178,'풍호동'),  (3914,178,'장천동'),  (3915,178,'행암동'),  (3916,178,'북부동'),  (3917,178,'성내동'),  (3918,178,'서중동'),  (3919,178,'남문동'),  (3920,178,'제덕동'),  (3921,178,'수도동'),  (3922,178,'연도동'),  (3923,178,'명동'),  (3924,178,'죽곡동'),  (3925,178,'원포동'),  (3926,178,'마천동'),  (3927,178,'소사동'),  (3928,178,'대장동'),  (3929,178,'두동'),  (3930,178,'청안동'),  (3931,178,'안골동'),  (3932,178,'용원동'),  (3933,178,'가주동'),  (3934,179,'망경동'),  (3935,179,'주약동'),  (3936,179,'강남동'),  (3937,179,'칠암동'),  (3938,179,'본성동'),  (3939,179,'동성동'),  (3940,179,'남성동'),  (3941,179,'인사동'),  (3942,179,'대안동'),  (3943,179,'평안동'),  (3944,179,'중안동'),  (3945,179,'계동'),  (3946,179,'봉곡동'),  (3947,179,'상봉동'),  (3948,179,'봉래동'),  (3949,179,'수정동'),  (3950,179,'장대동'),  (3951,179,'옥봉동'),  (3952,179,'상대동'),  (3953,179,'하대동'),  (3954,179,'상평동'),  (3955,179,'초전동'),  (3956,179,'장재동'),  (3957,179,'하촌동'),  (3958,179,'신안동'),  (3959,179,'평거동'),  (3960,179,'이현동'),  (3961,179,'유곡동'),  (3962,179,'판문동'),  (3963,179,'귀곡동'),  (3964,179,'가좌동'),  (3965,179,'호탄동'),  (3966,179,'충무공동'),  (3967,179,'문산읍'),  (3968,179,'내동면'),  (3969,179,'정촌면'),  (3970,179,'금곡면'),  (3971,179,'진성면'),  (3972,179,'일반성면'),  (3973,179,'이반성면'),  (3974,179,'사봉면'),  (3975,179,'지수면'),  (3976,179,'대곡면'),  (3977,179,'금산면'),  (3978,179,'집현면'),  (3979,179,'미천면'),  (3980,179,'명석면'),  (3981,179,'대평면'),  (3982,179,'수곡면'),  (3983,180,'도천동'),  (3984,180,'서호동'),  (3985,180,'명정동'),  (3986,180,'항남동'),  (3987,180,'중앙동'),  (3988,180,'문화동'),  (3989,180,'태평동'),  (3990,180,'동호동'),  (3991,180,'정량동'),  (3992,180,'북신동'),  (3993,180,'무전동'),  (3994,180,'평림동'),  (3995,180,'인평동'),  (3996,180,'당동'),  (3997,180,'미수동'),  (3998,180,'봉평동'),  (3999,180,'도남동'),  (4000,180,'산양읍'),  (4001,180,'용남면'),  (4002,180,'도산면'),  (4003,180,'광도면'),  (4004,180,'욕지면'),  (4005,180,'한산면'),  (4006,180,'사량면'),  (4007,181,'동동'),  (4008,181,'서동'),  (4009,181,'선구동'),  (4010,181,'동금동'),  (4011,181,'서금동'),  (4012,181,'동림동'),  (4013,181,'좌룡동'),  (4014,181,'벌리동'),  (4015,181,'용강동'),  (4016,181,'와룡동'),  (4017,181,'봉남동'),  (4018,181,'이금동'),  (4019,181,'이홀동'),  (4020,181,'궁지동'),  (4021,181,'사등동'),  (4022,181,'향촌동'),  (4023,181,'대방동'),  (4024,181,'실안동'),  (4025,181,'마도동'),  (4026,181,'늑도동'),  (4027,181,'신수동'),  (4028,181,'백천동'),  (4029,181,'신벽동'),  (4030,181,'노룡동'),  (4031,181,'대포동'),  (4032,181,'송포동'),  (4033,181,'죽림동'),  (4034,181,'사천읍'),  (4035,181,'정동면'),  (4036,181,'사남면'),  (4037,181,'용현면'),  (4038,181,'축동면'),  (4039,181,'곤양면'),  (4040,181,'곤명면'),  (4041,181,'서포면'),  (4042,182,'동상동'),  (4043,182,'서상동'),  (4044,182,'부원동'),  (4045,182,'봉황동'),  (4046,182,'대성동'),  (4047,182,'구산동'),  (4048,182,'삼계동'),  (4049,182,'내동'),  (4050,182,'외동'),  (4051,182,'흥동'),  (4052,182,'풍유동'),  (4053,182,'명법동'),  (4054,182,'이동'),  (4055,182,'화목동'),  (4056,182,'전하동'),  (4057,182,'강동'),  (4058,182,'삼정동'),  (4059,182,'어방동'),  (4060,182,'삼방동'),  (4061,182,'안동'),  (4062,182,'지내동'),  (4063,182,'불암동'),  (4064,182,'유하동'),  (4065,182,'내덕동'),  (4066,182,'부곡동'),  (4067,182,'무계동'),  (4068,182,'신문동'),  (4069,182,'삼문동'),  (4070,182,'대청동'),  (4071,182,'관동동'),  (4072,182,'율하동'),  (4073,182,'장유동'),  (4074,182,'응달동'),  (4075,182,'수가동'),  (4076,182,'진영읍'),  (4077,182,'주촌면'),  (4078,182,'진례면'),  (4079,182,'한림면'),  (4080,182,'생림면'),  (4081,182,'상동면'),  (4082,182,'대동면'),  (4083,183,'내일동'),  (4084,183,'내이동'),  (4085,183,'교동'),  (4086,183,'삼문동'),  (4087,183,'남포동'),  (4088,183,'용평동'),  (4089,183,'활성동'),  (4090,183,'가곡동'),  (4091,183,'삼랑진읍'),  (4092,183,'하남읍'),  (4093,183,'부북면'),  (4094,183,'상동면'),  (4095,183,'산외면'),  (4096,183,'산내면'),  (4097,183,'단장면'),  (4098,183,'상남면'),  (4099,183,'초동면'),  (4100,183,'무안면'),  (4101,183,'청도면'),  (4102,184,'능포동'),  (4103,184,'장승포동'),  (4104,184,'두모동'),  (4105,184,'아양동'),  (4106,184,'아주동'),  (4107,184,'옥포동'),  (4108,184,'덕포동'),  (4109,184,'장평동'),  (4110,184,'고현동'),  (4111,184,'상동동'),  (4112,184,'문동동'),  (4113,184,'삼거동'),  (4114,184,'양정동'),  (4115,184,'수월동'),  (4116,184,'일운면'),  (4117,184,'동부면'),  (4118,184,'남부면'),  (4119,184,'거제면'),  (4120,184,'둔덕면'),  (4121,184,'사등면'),  (4122,184,'연초면'),  (4123,184,'하청면'),  (4124,184,'장목면'),  (4125,185,'다방동'),  (4126,185,'남부동'),  (4127,185,'중부동'),  (4128,185,'북부동'),  (4129,185,'명곡동'),  (4130,185,'신기동'),  (4131,185,'북정동'),  (4132,185,'산막동'),  (4133,185,'호계동'),  (4134,185,'교동'),  (4135,185,'유산동'),  (4136,185,'어곡동'),  (4137,185,'용당동'),  (4138,185,'삼호동'),  (4139,185,'명동'),  (4140,185,'주남동'),  (4141,185,'소주동'),  (4142,185,'주진동'),  (4143,185,'평산동'),  (4144,185,'덕계동'),  (4145,185,'매곡동'),  (4146,185,'물금읍'),  (4147,185,'동면'),  (4148,185,'원동면'),  (4149,185,'상북면'),  (4150,185,'하북면'),  (4151,186,'의령읍'),  (4152,186,'가례면'),  (4153,186,'칠곡면'),  (4154,186,'대의면'),  (4155,186,'화정면'),  (4156,186,'용덕면'),  (4157,186,'정곡면'),  (4158,186,'지정면'),  (4159,186,'낙서면'),  (4160,186,'부림면'),  (4161,186,'봉수면'),  (4162,186,'궁류면'),  (4163,186,'유곡면'),  (4164,187,'가야읍'),  (4165,187,'칠원읍'),  (4166,187,'함안면'),  (4167,187,'군북면'),  (4168,187,'법수면'),  (4169,187,'대산면'),  (4170,187,'칠서면'),  (4171,187,'칠북면'),  (4172,187,'산인면'),  (4173,187,'여항면'),  (4174,188,'창녕읍'),  (4175,188,'남지읍'),  (4176,188,'고암면'),  (4177,188,'성산면'),  (4178,188,'대합면'),  (4179,188,'이방면'),  (4180,188,'유어면'),  (4181,188,'대지면'),  (4182,188,'계성면'),  (4183,188,'영산면'),  (4184,188,'장마면'),  (4185,188,'도천면'),  (4186,188,'길곡면'),  (4187,188,'부곡면'),  (4188,189,'고성읍'),  (4189,189,'삼산면'),  (4190,189,'하일면'),  (4191,189,'하이면'),  (4192,189,'상리면'),  (4193,189,'대가면'),  (4194,189,'영현면'),  (4195,189,'영오면'),  (4196,189,'개천면'),  (4197,189,'구만면'),  (4198,189,'회화면'),  (4199,189,'마암면'),  (4200,189,'동해면'),  (4201,189,'거류면'),  (4202,190,'남해읍'),  (4203,190,'이동면'),  (4204,190,'상주면'),  (4205,190,'삼동면'),  (4206,190,'미조면'),  (4207,190,'남면'),  (4208,190,'서면'),  (4209,190,'고현면'),  (4210,190,'설천면'),  (4211,190,'창선면'),  (4212,191,'하동읍'),  (4213,191,'화개면'),  (4214,191,'악양면'),  (4215,191,'적량면'),  (4216,191,'횡천면'),  (4217,191,'고전면'),  (4218,191,'금남면'),  (4219,191,'진교면'),  (4220,191,'양보면'),  (4221,191,'북천면'),  (4222,191,'청암면'),  (4223,191,'옥종면'),  (4224,191,'금성면'),  (4225,192,'산청읍'),  (4226,192,'차황면'),  (4227,192,'오부면'),  (4228,192,'생초면'),  (4229,192,'금서면'),  (4230,192,'삼장면'),  (4231,192,'시천면'),  (4232,192,'단성면'),  (4233,192,'신안면'),  (4234,192,'생비량면'),  (4235,192,'신등면'),  (4236,193,'함양읍'),  (4237,193,'마천면'),  (4238,193,'휴천면'),  (4239,193,'유림면'),  (4240,193,'수동면'),  (4241,193,'지곡면'),  (4242,193,'안의면'),  (4243,193,'서하면'),  (4244,193,'서상면'),  (4245,193,'백전면'),  (4246,193,'병곡면'),  (4247,194,'거창읍'),  (4248,194,'주상면'),  (4249,194,'웅양면'),  (4250,194,'고제면'),  (4251,194,'북상면'),  (4252,194,'위천면'),  (4253,194,'마리면'),  (4254,194,'남상면'),  (4255,194,'남하면'),  (4256,194,'신원면'),  (4257,194,'가조면'),  (4258,194,'가북면'),  (4259,195,'합천읍'),  (4260,195,'봉산면'),  (4261,195,'묘산면'),  (4262,195,'가야면'),  (4263,195,'야로면'),  (4264,195,'율곡면'),  (4265,195,'초계면'),  (4266,195,'쌍책면'),  (4267,195,'덕곡면'),  (4268,195,'청덕면'),  (4269,195,'적중면'),  (4270,195,'대양면'),  (4271,195,'쌍백면'),  (4272,195,'삼가면'),  (4273,195,'가회면'),  (4274,195,'대병면'),  (4275,195,'용주면'),  (4276,196,'일도일동'),  (4277,196,'일도이동'),  (4278,196,'이도일동'),  (4279,196,'이도이동'),  (4280,196,'삼도일동'),  (4281,196,'삼도이동'),  (4282,196,'건입동'),  (4283,196,'용담일동'),  (4284,196,'용담이동'),  (4285,196,'용담삼동'),  (4286,196,'화북일동'),  (4287,196,'화북이동'),  (4288,196,'삼양일동'),  (4289,196,'삼양이동'),  (4290,196,'삼양삼동'),  (4291,196,'봉개동'),  (4292,196,'아라일동'),  (4293,196,'아라이동'),  (4294,196,'오라일동'),  (4295,196,'오라이동'),  (4296,196,'오라삼동'),  (4297,196,'노형동'),  (4298,196,'외도일동'),  (4299,196,'외도이동'),  (4300,196,'이호일동'),  (4301,196,'이호이동'),  (4302,196,'도두일동'),  (4303,196,'도두이동'),  (4304,196,'도남동'),  (4305,196,'도련일동'),  (4306,196,'도련이동'),  (4307,196,'용강동'),  (4308,196,'회천동'),  (4309,196,'오등동'),  (4310,196,'월평동'),  (4311,196,'영평동'),  (4312,196,'연동'),  (4313,196,'도평동'),  (4314,196,'해안동'),  (4315,196,'내도동'),  (4316,196,'한림읍'),  (4317,196,'애월읍'),  (4318,196,'구좌읍'),  (4319,196,'조천읍'),  (4320,196,'한경면'),  (4321,196,'추자면'),  (4322,196,'우도면'),  (4323,197,'서귀동'),  (4324,197,'법환동'),  (4325,197,'서호동'),  (4326,197,'호근동'),  (4327,197,'동홍동'),  (4328,197,'서홍동'),  (4329,197,'상효동'),  (4330,197,'하효동'),  (4331,197,'신효동'),  (4332,197,'보목동'),  (4333,197,'토평동'),  (4334,197,'중문동'),  (4335,197,'회수동'),  (4336,197,'대포동'),  (4337,197,'월평동'),  (4338,197,'강정동'),  (4339,197,'도순동'),  (4340,197,'하원동'),  (4341,197,'색달동'),  (4342,197,'상예동'),  (4343,197,'하예동'),  (4344,197,'영남동'),  (4345,197,'대정읍'),  (4346,197,'남원읍'),  (4347,197,'성산읍'),  (4348,197,'안덕면'),  (4349,197,'표선면'),  (4350,198,'봉의동'),  (4351,198,'요선동'),  (4352,198,'낙원동'),  (4353,198,'중앙로1가'),  (4354,198,'중앙로2가'),  (4355,198,'중앙로3가'),  (4356,198,'옥천동'),  (4357,198,'조양동'),  (4358,198,'죽림동'),  (4359,198,'운교동'),  (4360,198,'약사동'),  (4361,198,'효자동'),  (4362,198,'소양로1가'),  (4363,198,'소양로2가'),  (4364,198,'소양로3가'),  (4365,198,'소양로4가'),  (4366,198,'근화동'),  (4367,198,'우두동'),  (4368,198,'사농동'),  (4369,198,'후평동'),  (4370,198,'온의동'),  (4371,198,'교동'),  (4372,198,'퇴계동'),  (4373,198,'석사동'),  (4374,198,'삼천동'),  (4375,198,'칠전동'),  (4376,198,'송암동'),  (4377,198,'신동'),  (4378,198,'중도동'),  (4379,198,'신북읍'),  (4380,198,'동면'),  (4381,198,'동산면'),  (4382,198,'신동면'),  (4383,198,'남면'),  (4384,198,'서면'),  (4385,198,'사북면'),  (4386,198,'북산면'),  (4387,198,'동내면'),  (4388,198,'남산면'),  (4389,199,'중앙동'),  (4390,199,'평원동'),  (4391,199,'원동'),  (4392,199,'인동'),  (4393,199,'개운동'),  (4394,199,'명륜동'),  (4395,199,'단구동'),  (4396,199,'일산동'),  (4397,199,'학성동'),  (4398,199,'단계동'),  (4399,199,'우산동'),  (4400,199,'태장동'),  (4401,199,'봉산동'),  (4402,199,'행구동'),  (4403,199,'무실동'),  (4404,199,'관설동'),  (4405,199,'반곡동'),  (4406,199,'가현동'),  (4407,199,'문막읍'),  (4408,199,'소초면'),  (4409,199,'호저면'),  (4410,199,'지정면'),  (4411,199,'부론면'),  (4412,199,'귀래면'),  (4413,199,'흥업면'),  (4414,199,'판부면'),  (4415,199,'신림면'),  (4416,200,'홍제동'),  (4417,200,'남문동'),  (4418,200,'명주동'),  (4419,200,'성내동'),  (4420,200,'임당동'),  (4421,200,'금학동'),  (4422,200,'용강동'),  (4423,200,'성남동'),  (4424,200,'옥천동'),  (4425,200,'교동'),  (4426,200,'포남동'),  (4427,200,'초당동'),  (4428,200,'강문동'),  (4429,200,'송정동'),  (4430,200,'견소동'),  (4431,200,'내곡동'),  (4432,200,'회산동'),  (4433,200,'장현동'),  (4434,200,'박월동'),  (4435,200,'담산동'),  (4436,200,'노암동'),  (4437,200,'유산동'),  (4438,200,'월호평동'),  (4439,200,'신석동'),  (4440,200,'입암동'),  (4441,200,'청량동'),  (4442,200,'두산동'),  (4443,200,'학동'),  (4444,200,'병산동'),  (4445,200,'남항진동'),  (4446,200,'유천동'),  (4447,200,'지변동'),  (4448,200,'죽헌동'),  (4449,200,'대전동'),  (4450,200,'운정동'),  (4451,200,'난곡동'),  (4452,200,'저동'),  (4453,200,'안현동'),  (4454,200,'운산동'),  (4455,200,'주문진읍'),  (4456,200,'성산면'),  (4457,200,'왕산면'),  (4458,200,'구정면'),  (4459,200,'강동면'),  (4460,200,'옥계면'),  (4461,200,'사천면'),  (4462,200,'연곡면'),  (4463,201,'천곡동'),  (4464,201,'평릉동'),  (4465,201,'송정동'),  (4466,201,'용정동'),  (4467,201,'지흥동'),  (4468,201,'효가동'),  (4469,201,'동회동'),  (4470,201,'나안동'),  (4471,201,'쇄운동'),  (4472,201,'부곡동'),  (4473,201,'발한동'),  (4474,201,'북평동'),  (4475,201,'구미동'),  (4476,201,'추암동'),  (4477,201,'구호동'),  (4478,201,'단봉동'),  (4479,201,'지가동'),  (4480,201,'이도동'),  (4481,201,'귀운동'),  (4482,201,'대구동'),  (4483,201,'호현동'),  (4484,201,'내동'),  (4485,201,'묵호진동'),  (4486,201,'삼화동'),  (4487,201,'이기동'),  (4488,201,'이로동'),  (4489,201,'어달동'),  (4490,201,'대진동'),  (4491,201,'망상동'),  (4492,201,'심곡동'),  (4493,201,'초구동'),  (4494,201,'괴란동'),  (4495,201,'만우동'),  (4496,201,'신흥동'),  (4497,201,'비천동'),  (4498,201,'달방동'),  (4499,202,'황지동'),  (4500,202,'장성동'),  (4501,202,'금천동'),  (4502,202,'철암동'),  (4503,202,'문곡동'),  (4504,202,'동점동'),  (4505,202,'소도동'),  (4506,202,'혈동'),  (4507,202,'화전동'),  (4508,202,'적각동'),  (4509,202,'창죽동'),  (4510,202,'통동'),  (4511,202,'백산동'),  (4512,202,'원동'),  (4513,202,'상사미동'),  (4514,202,'하사미동'),  (4515,202,'조탄동'),  (4516,203,'영랑동'),  (4517,203,'동명동'),  (4518,203,'중앙동'),  (4519,203,'금호동'),  (4520,203,'청학동'),  (4521,203,'교동'),  (4522,203,'노학동'),  (4523,203,'조양동'),  (4524,203,'청호동'),  (4525,203,'대포동'),  (4526,203,'도문동'),  (4527,203,'설악동'),  (4528,203,'장사동'),  (4529,204,'성내동'),  (4530,204,'성북동'),  (4531,204,'읍상동'),  (4532,204,'읍중동'),  (4533,204,'당저동'),  (4534,204,'교동'),  (4535,204,'갈천동'),  (4536,204,'증산동'),  (4537,204,'우지동'),  (4538,204,'마달동'),  (4539,204,'자원동'),  (4540,204,'평전동'),  (4541,204,'등봉동'),  (4542,204,'도경동'),  (4543,204,'마평동'),  (4544,204,'오사동'),  (4545,204,'건지동'),  (4546,204,'원당동'),  (4547,204,'성남동'),  (4548,204,'남양동'),  (4549,204,'사직동'),  (4550,204,'오분동'),  (4551,204,'적노동'),  (4552,204,'조비동'),  (4553,204,'정상동'),  (4554,204,'정하동'),  (4555,204,'근산동'),  (4556,204,'도계읍'),  (4557,204,'원덕읍'),  (4558,204,'근덕면'),  (4559,204,'하장면'),  (4560,204,'노곡면'),  (4561,204,'미로면'),  (4562,204,'가곡면'),  (4563,204,'신기면'),  (4564,205,'홍천읍'),  (4565,205,'화촌면'),  (4566,205,'두촌면'),  (4567,205,'내촌면'),  (4568,205,'서석면'),  (4569,205,'영귀미면'),  (4570,205,'남면'),  (4571,205,'서면'),  (4572,205,'북방면'),  (4573,205,'내면'),  (4574,206,'횡성읍'),  (4575,206,'우천면'),  (4576,206,'안흥면'),  (4577,206,'둔내면'),  (4578,206,'갑천면'),  (4579,206,'청일면'),  (4580,206,'공근면'),  (4581,206,'서원면'),  (4582,206,'강림면'),  (4583,207,'영월읍'),  (4584,207,'상동읍'),  (4585,207,'산솔면'),  (4586,207,'김삿갓면'),  (4587,207,'북면'),  (4588,207,'남면'),  (4589,207,'한반도면'),  (4590,207,'주천면'),  (4591,207,'무릉도원면'),  (4592,208,'평창읍'),  (4593,208,'미탄면'),  (4594,208,'방림면'),  (4595,208,'대화면'),  (4596,208,'봉평면'),  (4597,208,'용평면'),  (4598,208,'진부면'),  (4599,208,'대관령면'),  (4600,209,'정선읍'),  (4601,209,'고한읍'),  (4602,209,'사북읍'),  (4603,209,'신동읍'),  (4604,209,'남면'),  (4605,209,'북평면'),  (4606,209,'임계면'),  (4607,209,'화암면'),  (4608,209,'여량면'),  (4609,210,'철원읍'),  (4610,210,'김화읍'),  (4611,210,'갈말읍'),  (4612,210,'동송읍'),  (4613,210,'서면'),  (4614,210,'근남면'),  (4615,210,'근북면'),  (4616,210,'근동면'),  (4617,210,'원동면'),  (4618,210,'원남면'),  (4619,210,'임남면'),  (4620,211,'화천읍'),  (4621,211,'간동면'),  (4622,211,'하남면'),  (4623,211,'상서면'),  (4624,211,'사내면'),  (4625,212,'양구읍'),  (4626,212,'국토정중앙면'),  (4627,212,'동면'),  (4628,212,'방산면'),  (4629,212,'해안면'),  (4630,213,'인제읍'),  (4631,213,'남면'),  (4632,213,'북면'),  (4633,213,'기린면'),  (4634,213,'서화면'),  (4635,213,'상남면'),  (4636,214,'간성읍'),  (4637,214,'거진읍'),  (4638,214,'현내면'),  (4639,214,'죽왕면'),  (4640,214,'토성면'),  (4641,214,'수동면'),  (4642,215,'양양읍'),  (4643,215,'서면'),  (4644,215,'손양면'),  (4645,215,'현북면'),  (4646,215,'현남면'),  (4647,215,'강현면'),  (4648,216,'중앙동1가'),  (4649,216,'중앙동2가'),  (4650,216,'중앙동3가'),  (4651,216,'중앙동4가'),  (4652,216,'경원동1가'),  (4653,216,'경원동2가'),  (4654,216,'경원동3가'),  (4655,216,'풍남동1가'),  (4656,216,'풍남동2가'),  (4657,216,'풍남동3가'),  (4658,216,'전동'),  (4659,216,'전동3가'),  (4660,216,'다가동1가'),  (4661,216,'다가동2가'),  (4662,216,'다가동3가'),  (4663,216,'다가동4가'),  (4664,216,'고사동'),  (4665,216,'교동'),  (4666,216,'태평동'),  (4667,216,'중노송동'),  (4668,216,'남노송동'),  (4669,216,'동완산동'),  (4670,216,'서완산동1가'),  (4671,216,'서완산동2가'),  (4672,216,'동서학동'),  (4673,216,'서서학동'),  (4674,216,'중화산동1가'),  (4675,216,'중화산동2가'),  (4676,216,'서신동'),  (4677,216,'석구동'),  (4678,216,'원당동'),  (4679,216,'평화동1가'),  (4680,216,'평화동2가'),  (4681,216,'평화동3가'),  (4682,216,'중인동'),  (4683,216,'용복동'),  (4684,216,'삼천동1가'),  (4685,216,'삼천동2가'),  (4686,216,'삼천동3가'),  (4687,216,'효자동1가'),  (4688,216,'효자동2가'),  (4689,216,'효자동3가'),  (4690,216,'대성동'),  (4691,216,'색장동'),  (4692,216,'상림동'),  (4693,216,'서노송동'),  (4694,216,'진북동'),  (4695,216,'인후동1가'),  (4696,216,'인후동2가'),  (4697,216,'덕진동1가'),  (4698,216,'덕진동2가'),  (4699,216,'금암동'),  (4700,216,'팔복동1가'),  (4701,216,'팔복동2가'),  (4702,216,'팔복동3가'),  (4703,216,'산정동'),  (4704,216,'금상동'),  (4705,216,'우아동1가'),  (4706,216,'우아동2가'),  (4707,216,'우아동3가'),  (4708,216,'호성동1가'),  (4709,216,'호성동2가'),  (4710,216,'호성동3가'),  (4711,216,'전미동1가'),  (4712,216,'전미동2가'),  (4713,216,'송천동1가'),  (4714,216,'송천동2가'),  (4715,216,'반월동'),  (4716,216,'화전동'),  (4717,216,'용정동'),  (4718,216,'성덕동'),  (4719,216,'원동'),  (4720,216,'고랑동'),  (4721,216,'여의동'),  (4722,216,'만성동'),  (4723,216,'장동'),  (4724,216,'팔복동4가'),  (4725,216,'도도동'),  (4726,216,'강흥동'),  (4727,216,'도덕동'),  (4728,216,'남정동'),  (4729,216,'중동'),  (4730,216,'여의동2가'),  (4731,217,'해망동'),  (4732,217,'신흥동'),  (4733,217,'금동'),  (4734,217,'월명동'),  (4735,217,'신창동'),  (4736,217,'오룡동'),  (4737,217,'금광동'),  (4738,217,'신풍동'),  (4739,217,'송풍동'),  (4740,217,'문화동'),  (4741,217,'삼학동'),  (4742,217,'선양동'),  (4743,217,'둔율동'),  (4744,217,'창성동'),  (4745,217,'명산동'),  (4746,217,'송창동'),  (4747,217,'개복동'),  (4748,217,'중앙로1가'),  (4749,217,'영화동'),  (4750,217,'장미동'),  (4751,217,'중앙로2가'),  (4752,217,'영동'),  (4753,217,'신영동'),  (4754,217,'죽성동'),  (4755,217,'평화동'),  (4756,217,'중앙로3가'),  (4757,217,'대명동'),  (4758,217,'장재동'),  (4759,217,'미원동'),  (4760,217,'중동'),  (4761,217,'금암동'),  (4762,217,'동흥남동'),  (4763,217,'서흥남동'),  (4764,217,'조촌동'),  (4765,217,'경장동'),  (4766,217,'경암동'),  (4767,217,'구암동'),  (4768,217,'내흥동'),  (4769,217,'개정동'),  (4770,217,'사정동'),  (4771,217,'수송동'),  (4772,217,'미장동'),  (4773,217,'지곡동'),  (4774,217,'나운동'),  (4775,217,'미룡동'),  (4776,217,'소룡동'),  (4777,217,'오식도동'),  (4778,217,'비응도동'),  (4779,217,'신관동'),  (4780,217,'개사동'),  (4781,217,'산북동'),  (4782,217,'내초동'),  (4783,217,'옥구읍'),  (4784,217,'옥산면'),  (4785,217,'회현면'),  (4786,217,'임피면'),  (4787,217,'서수면'),  (4788,217,'대야면'),  (4789,217,'개정면'),  (4790,217,'성산면'),  (4791,217,'나포면'),  (4792,217,'옥도면'),  (4793,217,'옥서면'),  (4794,218,'창인동1가'),  (4795,218,'창인동2가'),  (4796,218,'중앙동1가'),  (4797,218,'중앙동2가'),  (4798,218,'중앙동3가'),  (4799,218,'평화동'),  (4800,218,'갈산동'),  (4801,218,'주현동'),  (4802,218,'인화동1가'),  (4803,218,'인화동2가'),  (4804,218,'동산동'),  (4805,218,'마동'),  (4806,218,'남중동'),  (4807,218,'모현동1가'),  (4808,218,'모현동2가'),  (4809,218,'송학동'),  (4810,218,'목천동'),  (4811,218,'만석동'),  (4812,218,'현영동'),  (4813,218,'신용동'),  (4814,218,'신동'),  (4815,218,'영등동'),  (4816,218,'어양동'),  (4817,218,'신흥동'),  (4818,218,'금강동'),  (4819,218,'석탄동'),  (4820,218,'팔봉동'),  (4821,218,'덕기동'),  (4822,218,'석왕동'),  (4823,218,'은기동'),  (4824,218,'정족동'),  (4825,218,'임상동'),  (4826,218,'월성동'),  (4827,218,'부송동'),  (4828,218,'용제동'),  (4829,218,'석암동'),  (4830,218,'함열읍'),  (4831,218,'오산면'),  (4832,218,'황등면'),  (4833,218,'함라면'),  (4834,218,'웅포면'),  (4835,218,'성당면'),  (4836,218,'용안면'),  (4837,218,'낭산면'),  (4838,218,'망성면'),  (4839,218,'여산면'),  (4840,218,'금마면'),  (4841,218,'왕궁면'),  (4842,218,'춘포면'),  (4843,218,'삼기면'),  (4844,218,'용동면'),  (4845,219,'수성동'),  (4846,219,'장명동'),  (4847,219,'상동'),  (4848,219,'시기동'),  (4849,219,'연지동'),  (4850,219,'농소동'),  (4851,219,'하모동'),  (4852,219,'상평동'),  (4853,219,'과교동'),  (4854,219,'삼산동'),  (4855,219,'진산동'),  (4856,219,'금붕동'),  (4857,219,'송산동'),  (4858,219,'신월동'),  (4859,219,'용산동'),  (4860,219,'교암동'),  (4861,219,'부전동'),  (4862,219,'쌍암동'),  (4863,219,'내장동'),  (4864,219,'영파동'),  (4865,219,'하북동'),  (4866,219,'구룡동'),  (4867,219,'흑암동'),  (4868,219,'용계동'),  (4869,219,'공평동'),  (4870,219,'망제동'),  (4871,219,'신정동'),  (4872,219,'신태인읍'),  (4873,219,'북면'),  (4874,219,'입암면'),  (4875,219,'소성면'),  (4876,219,'고부면'),  (4877,219,'영원면'),  (4878,219,'덕천면'),  (4879,219,'이평면'),  (4880,219,'정우면'),  (4881,219,'태인면'),  (4882,219,'감곡면'),  (4883,219,'옹동면'),  (4884,219,'칠보면'),  (4885,219,'산내면'),  (4886,219,'산외면'),  (4887,220,'동충동'),  (4888,220,'하정동'),  (4889,220,'죽항동'),  (4890,220,'쌍교동'),  (4891,220,'천거동'),  (4892,220,'금동'),  (4893,220,'조산동'),  (4894,220,'왕정동'),  (4895,220,'신정동'),  (4896,220,'화정동'),  (4897,220,'향교동'),  (4898,220,'용정동'),  (4899,220,'광치동'),  (4900,220,'내척동'),  (4901,220,'산곡동'),  (4902,220,'도통동'),  (4903,220,'월락동'),  (4904,220,'고죽동'),  (4905,220,'식정동'),  (4906,220,'갈치동'),  (4907,220,'노암동'),  (4908,220,'어현동'),  (4909,220,'신촌동'),  (4910,220,'운봉읍'),  (4911,220,'주천면'),  (4912,220,'수지면'),  (4913,220,'송동면'),  (4914,220,'주생면'),  (4915,220,'금지면'),  (4916,220,'대강면'),  (4917,220,'대산면'),  (4918,220,'사매면'),  (4919,220,'덕과면'),  (4920,220,'보절면'),  (4921,220,'산동면'),  (4922,220,'이백면'),  (4923,220,'아영면'),  (4924,220,'산내면'),  (4925,220,'인월면'),  (4926,221,'요촌동'),  (4927,221,'신풍동'),  (4928,221,'용동'),  (4929,221,'검산동'),  (4930,221,'순동'),  (4931,221,'백학동'),  (4932,221,'서암동'),  (4933,221,'신곡동'),  (4934,221,'교동'),  (4935,221,'옥산동'),  (4936,221,'갈공동'),  (4937,221,'하동'),  (4938,221,'흥사동'),  (4939,221,'상동동'),  (4940,221,'월성동'),  (4941,221,'황산동'),  (4942,221,'난봉동'),  (4943,221,'오정동'),  (4944,221,'복죽동'),  (4945,221,'입석동'),  (4946,221,'장화동'),  (4947,221,'신덕동'),  (4948,221,'월봉동'),  (4949,221,'신월동'),  (4950,221,'연정동'),  (4951,221,'명덕동'),  (4952,221,'제월동'),  (4953,221,'도장동'),  (4954,221,'서정동'),  (4955,221,'양전동'),  (4956,221,'만경읍'),  (4957,221,'죽산면'),  (4958,221,'백산면'),  (4959,221,'용지면'),  (4960,221,'백구면'),  (4961,221,'부량면'),  (4962,221,'공덕면'),  (4963,221,'청하면'),  (4964,221,'성덕면'),  (4965,221,'진봉면'),  (4966,221,'금구면'),  (4967,221,'봉남면'),  (4968,221,'황산면'),  (4969,221,'금산면'),  (4970,221,'광활면'),  (4971,222,'삼례읍'),  (4972,222,'봉동읍'),  (4973,222,'용진읍'),  (4974,222,'상관면'),  (4975,222,'이서면'),  (4976,222,'소양면'),  (4977,222,'구이면'),  (4978,222,'고산면'),  (4979,222,'비봉면'),  (4980,222,'운주면'),  (4981,222,'화산면'),  (4982,222,'동상면'),  (4983,222,'경천면'),  (4984,223,'진안읍'),  (4985,223,'용담면'),  (4986,223,'안천면'),  (4987,223,'동향면'),  (4988,223,'상전면'),  (4989,223,'백운면'),  (4990,223,'성수면'),  (4991,223,'마령면'),  (4992,223,'부귀면'),  (4993,223,'정천면'),  (4994,223,'주천면'),  (4995,224,'무주읍'),  (4996,224,'무풍면'),  (4997,224,'설천면'),  (4998,224,'적상면'),  (4999,224,'안성면'),  (5000,224,'부남면'),  (5001,225,'장수읍'),  (5002,225,'산서면'),  (5003,225,'번암면'),  (5004,225,'장계면'),  (5005,225,'천천면'),  (5006,225,'계남면'),  (5007,225,'계북면'),  (5008,226,'임실읍'),  (5009,226,'청웅면'),  (5010,226,'운암면'),  (5011,226,'신평면'),  (5012,226,'성수면'),  (5013,226,'오수면'),  (5014,226,'신덕면'),  (5015,226,'삼계면'),  (5016,226,'관촌면'),  (5017,226,'강진면'),  (5018,226,'덕치면'),  (5019,226,'지사면'),  (5020,227,'순창읍'),  (5021,227,'인계면'),  (5022,227,'동계면'),  (5023,227,'풍산면'),  (5024,227,'금과면'),  (5025,227,'팔덕면'),  (5026,227,'쌍치면'),  (5027,227,'복흥면'),  (5028,227,'적성면'),  (5029,227,'유등면'),  (5030,227,'구림면'),  (5031,228,'고창읍'),  (5032,228,'고수면'),  (5033,228,'아산면'),  (5034,228,'무장면'),  (5035,228,'공음면'),  (5036,228,'상하면'),  (5037,228,'해리면'),  (5038,228,'성송면'),  (5039,228,'대산면'),  (5040,228,'심원면'),  (5041,228,'흥덕면'),  (5042,228,'성내면'),  (5043,228,'신림면'),  (5044,228,'부안면'),  (5045,229,'부안읍'),  (5046,229,'주산면'),  (5047,229,'동진면'),  (5048,229,'행안면'),  (5049,229,'계화면'),  (5050,229,'보안면'),  (5051,229,'변산면'),  (5052,229,'진서면'),  (5053,229,'백산면'),  (5054,229,'상서면'),  (5055,229,'하서면'),  (5056,229,'줄포면'),  (5057,229,'위도면');
INSERT INTO `tag` (`tag_id`, `tag_name`) VALUES   (39, '3D 프린팅'),   (36, 'AI'),   (13, 'AP 과목'),   (87, 'CAD'),   (12, 'IELTS 준비'),   (10, 'SAT 준비'),   (41, 'STEM'),   (11, 'TOEFL 준비'),   (93, '간호조무사'),   (67, '게임 디자인'),   (129, '경찰'),   (27, '고등 과학'),   (9, '고등 수학'),   (3, '고등 영어'),   (137, '공무원'),   (102, '공무원 학원'),   (91, '공예'),   (40, '공학'),   (31, '과학 실험'),   (126, '글쓰기'),   (125, '글읽기'),   (25, '기초 과학'),   (7, '기초 수학'),   (150, '기타'),   (81, '네일아트'),   (45, '네트워크'),   (135, '논술'),   (116, '농업'),   (119, '농업 경영'),   (107, '대입 논술'),   (108, '대입 면접'),   (106, '대입 컨설팅'),   (141, '대학 입학'),   (53, '댄스'),   (38, '데이터 분석'),   (136, '독서'),   (22, '독일어'),   (121, '동물 사육'),   (66, '디자인'),   (90, '디지털 마케팅'),   (69, '디지털 일러스트'),   (34, '로봇 공학'),   (131, '리더십'),   (148, '리더십 워크숍'),   (49, '머신러닝'),   (79, '메이크업'),   (142, '멘토링'),   (115, '목공예'),   (122, '목초지 관리'),   (120, '목축업'),   (64, '무대 디자인'),   (61, '무대 연출'),   (124, '문화 체험'),   (28, '물리'),   (56, '뮤지컬'),   (63, '뮤지컬 연출'),   (51, '미술'),   (111, '미술 입시'),   (78, '바리스타'),   (85, '반려동물 훈련'),   (127, '발표력'),   (145, '방과 후 수업'),   (71, '방송 대본'),   (92, '뷰티 코디네이터'),   (37, '빅데이터'),   (57, '사진'),   (133, '사회 탐구'),   (147, '사회적 감수성'),   (30, '생물'),   (72, '성우'),   (84, '수의 테크니션'),   (118, '스마트팜'),   (21, '스페인어'),   (149, '스포츠'),   (73, '스피치'),   (132, '심리학'),   (70, '아나운서 훈련'),   (96, '아동 돌봄'),   (98, '아동 심리'),   (54, '안무'),   (68, '애니메이션'),   (82, '애완동물 미용'),   (83, '애완동물 행동 교정'),   (44, '앱 개발'),   (74, '여행 가이드'),   (55, '연극'),   (88, '영상 편집'),   (6, '영어 독해'),   (15, '영어 리스닝'),   (16, '영어 문법'),   (14, '영어 스피킹'),   (5, '영어 작문'),   (4, '영어 회화'),   (97, '영유아 놀이'),   (62, '영화 제작'),   (101, '예체능 재수'),   (17, '외국어'),   (134, '요가 및 명상'),   (94, '요양보호사'),   (86, '웨딩 플래너'),   (43, '웹 개발'),   (117, '유기농'),   (89, '유튜브 제작'),   (112, '음악 입시'),   (95, '응급 구조사'),   (100, '의대 재수'),   (35, '인공지능'),   (19, '일본어'),   (138, '자격증'),   (99, '재수 학원'),   (110, '전문직 입시'),   (59, '전통 미술'),   (46, '정보 보안'),   (47, '정보처리기사'),   (77, '조리사'),   (52, '조소'),   (18, '중국어'),   (26, '중등 과학'),   (8, '중등 수학'),   (2, '중등 영어'),   (139, '진로 탐색'),   (114, '창업 컨설팅'),   (130, '창의적 사고'),   (33, '천문학'),   (113, '체육 입시'),   (146, '체험 학습'),   (1, '초등 영어'),   (123, '축산'),   (140, '취업 준비'),   (60, '캘리그래피'),   (50, '컴퓨터'),   (48, '클라우드'),   (128, '토론'),   (109, '특목고 입시'),   (144, '특별활동'),   (65, '패션'),   (105, '편입 논술'),   (103, '편입 수학'),   (104, '편입 영어'),   (20, '프랑스어'),   (42, '프로그래밍'),   (76, '플로리스트'),   (143, '학생 자치'),   (23, '한국어'),   (24, '한자 자격증'),   (75, '항공 승무원'),   (80, '헤어 디자이너'),   (58, '현대 미술'),   (29, '화학'),   (32, '환경 과학');
